user_id,account_id,role,department,created_at,last_login,is_active
U64243,A001,Doctor,Radiology,2024-08-23,2025-12-05,True
U22104,A001,Admin,Cardiology,2024-12-26,2025-06-30,True
U14971,A001,Nurse,Radiology,2024-07-27,2025-02-04,True
U85376,A001,Doctor,Oncology,2024-04-22,2025-01-08,True
U54443,A001,Doctor,Cardiology,2024-04-11,2025-03-25,True
U43096,A001,Nurse,ICU,2024-03-16,2025-05-19,True
U55554,A001,Doctor,ICU,2024-04-24,2025-07-10,False
U81160,A001,Admin,Cardiology,2024-09-06,2025-06-06,True
U61662,A001,Admin,Cardiology,2024-09-08,2025-04-19,True
U17341,A001,Doctor,Cardiology,2024-07-13,2025-01-12,True
U91904,A001,Doctor,Radiology,2024-08-04,2025-02-13,True
U61379,A001,Doctor,Cardiology,2024-02-21,2025-05-16,True
U87058,A001,Doctor,Cardiology,2024-07-09,2025-01-30,True
U64021,A001,Nurse,Radiology,2024-12-21,2025-09-30,True
U97414,A001,Doctor,Oncology,2024-09-16,2025-02-02,False
U51644,A001,Nurse,Radiology,2024-05-18,2025-02-23,True
U31705,A001,Doctor,Oncology,2024-09-03,2025-08-19,True
U70446,A001,Nurse,ICU,2024-09-23,2025-02-05,True
U26210,A001,Admin,Cardiology,2024-12-06,2025-10-31,True
U38557,A001,Nurse,ER,2024-07-17,2025-04-19,False
U85482,A001,Doctor,Cardiology,2024-03-22,2025-10-22,False
U15570,A001,Nurse,ICU,2024-06-08,2025-09-22,True
U73096,A001,Nurse,Oncology,2024-12-18,2025-07-02,True
U27957,A001,Doctor,Oncology,2024-03-31,2025-09-04,True
U68599,A001,Nurse,ICU,2024-03-30,2025-06-23,False
U56261,A001,Nurse,Oncology,2024-06-02,2025-03-16,True
U70214,A001,Nurse,Radiology,2024-09-30,2025-07-07,True
U94817,A001,Nurse,Cardiology,2024-02-12,2025-06-19,False
U81281,A001,Nurse,Oncology,2024-05-15,2025-10-31,True
U75559,A001,Nurse,ER,2024-03-25,2025-08-11,True
U75547,A001,Nurse,Cardiology,2024-01-19,2025-08-06,True
U26709,A001,Nurse,Radiology,2024-04-28,2025-06-07,False
U48500,A001,Admin,ER,2024-07-19,2025-09-03,True
U81396,A001,Nurse,Cardiology,2024-02-28,2025-11-15,True
U62480,A001,Admin,Oncology,2024-08-09,2025-10-29,True
U51244,A001,Doctor,ER,2024-11-10,2025-11-19,True
U20414,A001,Doctor,Oncology,2024-01-18,2025-10-28,True
U73167,A001,Admin,ICU,2024-12-13,2025-10-21,True
U69239,A001,Admin,ICU,2024-08-29,2025-01-21,True
U35847,A001,Doctor,ICU,2024-10-17,2025-09-22,False
U44032,A001,Nurse,Cardiology,2024-01-08,2025-10-07,True
U17907,A001,Doctor,Radiology,2024-05-20,2025-09-27,True
U54960,A002,Admin,ER,2024-06-13,2025-01-22,True
U98580,A002,Admin,Radiology,2024-05-01,2025-09-03,True
U19130,A002,Nurse,Radiology,2024-09-22,2025-01-13,True
U59425,A002,Doctor,Oncology,2024-12-26,2025-08-30,True
U80375,A002,Admin,Oncology,2024-08-19,2025-07-02,True
U66410,A002,Nurse,ER,2024-09-29,2025-04-18,True
U26263,A002,Admin,Oncology,2024-06-17,2025-04-21,True
U35515,A002,Nurse,Cardiology,2024-03-24,2025-06-21,True
U19555,A002,Nurse,Oncology,2024-04-02,2025-05-21,True
U51402,A002,Nurse,ER,2024-03-09,2025-03-09,True
U60514,A002,Admin,Oncology,2024-02-25,2025-08-26,True
U94473,A002,Nurse,Oncology,2024-03-08,2025-10-08,True
U16621,A002,Admin,Radiology,2024-03-06,2025-12-16,False
U50605,A002,Admin,ICU,2024-11-03,2025-10-03,False
U75094,A002,Admin,Oncology,2024-11-20,2025-09-10,False
U77848,A002,Doctor,ER,2024-10-22,2025-12-27,False
U26836,A002,Nurse,Cardiology,2024-09-17,2025-07-30,False
U95478,A002,Nurse,Cardiology,2024-08-20,2025-12-14,True
U35311,A002,Admin,Oncology,2024-05-20,2025-11-26,True
U57041,A002,Doctor,ER,2024-07-29,2025-12-26,True
U71392,A002,Admin,Radiology,2024-09-02,2025-07-01,False
U80490,A002,Doctor,Radiology,2024-01-30,2025-08-03,True
U74012,A002,Doctor,ICU,2024-12-05,2025-08-25,True
U11969,A002,Nurse,Radiology,2024-03-20,2025-09-08,False
U75247,A002,Doctor,Radiology,2024-04-08,2025-07-07,True
U58632,A002,Admin,ICU,2024-07-22,2025-05-08,False
U59135,A002,Admin,Radiology,2024-09-06,2025-04-18,True
U31544,A002,Nurse,ICU,2024-01-23,2025-10-10,True
U67453,A002,Admin,ICU,2024-08-15,2025-05-19,True
U42828,A002,Nurse,Oncology,2024-04-14,2025-07-11,False
U10099,A002,Nurse,ICU,2024-06-22,2025-07-10,True
U89165,A002,Doctor,Cardiology,2024-07-02,2025-10-12,True
U12786,A002,Admin,Cardiology,2024-05-25,2025-02-26,True
U11561,A002,Doctor,ER,2024-01-24,2025-01-16,True
U32093,A002,Nurse,Radiology,2024-12-27,2025-02-05,True
U11462,A002,Nurse,ICU,2024-03-01,2025-07-08,True
U45753,A002,Doctor,Cardiology,2024-10-28,2025-02-28,False
U15551,A002,Admin,ER,2024-06-14,2025-09-28,True
U24798,A002,Doctor,Oncology,2024-04-23,2025-03-16,False
U29483,A002,Doctor,ICU,2024-12-07,2025-06-16,True
U29510,A002,Nurse,Cardiology,2024-08-29,2025-11-03,False
U67183,A002,Doctor,ICU,2024-04-01,2025-11-20,False
U98384,A002,Nurse,Cardiology,2024-02-18,2025-12-19,True
U72879,A002,Nurse,Cardiology,2024-04-26,2025-04-16,True
U73139,A002,Doctor,Cardiology,2024-01-07,2025-01-12,True
U50272,A002,Nurse,Oncology,2024-09-01,2025-06-24,True
U28051,A002,Doctor,Radiology,2024-05-04,2025-04-15,False
U36344,A002,Admin,Cardiology,2024-04-11,2025-04-15,True
U25770,A002,Nurse,Radiology,2024-08-29,2025-10-19,True
U42034,A003,Admin,Cardiology,2024-12-15,2025-10-20,True
U54786,A003,Doctor,ER,2024-05-14,2025-08-05,False
U24326,A003,Nurse,ICU,2024-09-17,2025-08-04,False
U69529,A003,Admin,ER,2024-08-04,2025-05-02,False
U10979,A003,Doctor,ICU,2024-06-11,2025-01-05,False
U31581,A003,Doctor,Radiology,2024-01-27,2025-11-17,True
U74902,A003,Nurse,Radiology,2024-08-08,2025-05-26,True
U17113,A003,Admin,ER,2024-06-15,2025-11-20,True
U82011,A003,Nurse,Oncology,2024-08-20,2025-01-04,True
U54755,A003,Nurse,ER,2024-06-19,2025-12-31,True
U89185,A003,Nurse,Oncology,2024-07-22,2025-06-06,True
U49045,A003,Doctor,Oncology,2024-06-06,2025-03-06,True
U26032,A003,Nurse,ER,2024-09-14,2025-04-12,False
U19988,A003,Doctor,Cardiology,2024-05-13,2025-02-23,True
U67570,A003,Nurse,Oncology,2024-11-17,2025-09-23,False
U25794,A003,Nurse,Radiology,2024-11-05,2025-09-03,True
U43229,A003,Nurse,Oncology,2024-04-10,2025-08-28,False
U53699,A003,Admin,ER,2024-07-08,2025-04-15,True
U19042,A003,Nurse,Oncology,2024-08-22,2025-09-20,True
U78159,A003,Admin,ER,2024-09-04,2025-03-02,True
U78319,A003,Admin,Radiology,2024-11-21,2025-09-13,True
U37721,A003,Nurse,ER,2024-11-13,2025-11-05,True
U52527,A003,Nurse,Cardiology,2024-03-26,2025-11-06,False
U94184,A003,Doctor,ICU,2024-12-04,2025-04-16,True
U26143,A003,Nurse,Cardiology,2024-04-12,2025-10-13,True
U29516,A003,Nurse,ICU,2024-02-02,2025-11-09,True
U35386,A003,Admin,ER,2024-04-11,2025-09-19,True
U46683,A003,Nurse,Oncology,2024-03-07,2025-05-02,False
U15043,A003,Admin,Oncology,2024-08-31,2025-06-05,True
U23967,A003,Admin,ICU,2024-09-09,2025-06-29,False
U48603,A003,Nurse,ICU,2024-06-24,2025-08-01,True
U62661,A003,Nurse,ICU,2024-02-28,2025-05-11,True
U40916,A003,Admin,ICU,2024-03-14,2025-09-19,True
U58521,A003,Doctor,Oncology,2024-10-05,2025-12-06,False
U31986,A003,Doctor,Radiology,2024-05-22,2025-10-12,True
U69821,A003,Admin,Radiology,2024-03-25,2025-06-20,True
U33874,A003,Doctor,ICU,2024-01-16,2025-03-18,True
U92756,A003,Doctor,ER,2024-10-03,2025-05-09,True
U60278,A003,Admin,ER,2024-12-24,2025-06-06,False
U19813,A003,Nurse,ICU,2024-10-30,2025-06-24,True
U19317,A003,Nurse,ER,2024-07-12,2025-06-01,True
U80949,A003,Nurse,Radiology,2024-01-12,2025-10-22,True
U66389,A003,Nurse,Cardiology,2024-10-31,2025-06-11,True
U64116,A003,Admin,Oncology,2024-06-08,2025-03-01,False
U74062,A003,Doctor,ER,2024-11-08,2025-12-22,True
U72191,A003,Nurse,Oncology,2024-02-28,2025-02-17,True
U46858,A003,Nurse,ER,2024-01-14,2025-04-30,True
U47013,A003,Admin,Oncology,2024-09-10,2025-10-21,True
U59619,A004,Doctor,ER,2024-04-11,2025-02-02,False
U62005,A004,Admin,Oncology,2024-02-26,2025-05-08,False
U32500,A004,Admin,ER,2024-06-26,2025-10-18,False
U67412,A004,Admin,Cardiology,2024-06-29,2025-12-12,False
U53769,A004,Admin,Radiology,2024-02-26,2025-07-23,True
U79280,A004,Doctor,Radiology,2024-09-01,2025-12-28,False
U51511,A004,Nurse,Oncology,2024-12-17,2025-06-07,True
U31803,A004,Nurse,Radiology,2024-02-15,2025-04-05,True
U92089,A004,Admin,ER,2024-01-03,2025-01-13,True
U84483,A004,Doctor,Cardiology,2024-06-23,2025-05-04,True
U13298,A004,Doctor,ICU,2024-11-27,2025-12-31,False
U75707,A004,Nurse,Cardiology,2024-09-21,2025-09-03,True
U12488,A004,Doctor,ICU,2024-06-16,2025-07-05,True
U43664,A004,Admin,ER,2024-07-24,2025-08-02,True
U29137,A004,Nurse,Radiology,2024-05-05,2025-09-25,False
U98852,A004,Nurse,ER,2024-02-02,2025-04-24,True
U58686,A004,Nurse,Oncology,2024-12-26,2025-08-09,False
U96059,A004,Admin,ER,2024-01-10,2025-09-29,True
U44383,A004,Nurse,Radiology,2024-11-08,2025-08-26,False
U74085,A004,Nurse,Cardiology,2024-08-13,2025-11-11,True
U33841,A004,Admin,ER,2024-08-30,2025-11-12,True
U95540,A004,Admin,Radiology,2024-08-12,2025-08-25,True
U13541,A004,Admin,ICU,2024-09-26,2025-01-05,False
U75298,A004,Admin,Oncology,2024-01-02,2025-02-28,True
U50644,A004,Admin,Radiology,2024-06-01,2025-05-03,False
U85716,A004,Admin,ICU,2024-02-29,2025-09-28,True
U64404,A004,Doctor,Radiology,2024-06-03,2025-11-19,False
U50890,A005,Nurse,ER,2024-05-06,2025-06-10,True
U53159,A005,Admin,ICU,2024-12-09,2025-05-16,True
U56372,A005,Admin,ICU,2024-05-22,2025-06-15,True
U87737,A005,Nurse,ICU,2024-10-08,2025-08-07,True
U38837,A005,Nurse,Radiology,2024-04-10,2025-12-07,True
U39148,A005,Admin,Radiology,2024-10-05,2025-01-06,True
U52305,A005,Admin,Radiology,2024-01-14,2025-10-28,True
U48445,A005,Nurse,ICU,2024-09-20,2025-01-28,True
U81113,A005,Nurse,Oncology,2024-10-24,2025-12-03,True
U85006,A005,Nurse,Oncology,2024-01-31,2025-08-27,True
U60567,A005,Doctor,Cardiology,2024-05-29,2025-01-05,True
U87848,A005,Admin,ICU,2024-01-26,2025-12-14,True
U41080,A005,Doctor,ICU,2024-07-01,2025-04-15,True
U28349,A005,Doctor,Radiology,2024-03-22,2025-06-16,True
U79053,A005,Admin,Oncology,2024-08-08,2025-09-05,True
U56830,A005,Doctor,ER,2024-08-29,2025-01-16,False
U60525,A005,Admin,ER,2024-10-09,2025-11-15,True
U83878,A005,Nurse,ICU,2024-06-21,2025-06-16,False
U92408,A005,Doctor,ER,2024-12-12,2025-07-02,False
U39478,A005,Doctor,Cardiology,2024-04-11,2025-04-13,False
U82789,A005,Nurse,Oncology,2024-01-07,2025-06-03,True
U23448,A005,Nurse,ICU,2024-06-08,2025-03-18,True
U43392,A005,Nurse,Oncology,2024-02-28,2025-08-03,True
U24329,A005,Admin,ER,2024-02-25,2025-03-16,True
U55538,A005,Doctor,Cardiology,2024-01-13,2025-01-07,True
U16319,A005,Doctor,Oncology,2024-04-08,2025-07-23,True
U42108,A005,Nurse,Oncology,2024-12-06,2025-09-14,True
U84243,A005,Nurse,Oncology,2024-10-25,2025-02-07,False
U18529,A005,Nurse,ER,2024-01-10,2025-09-04,True
U47139,A005,Admin,Cardiology,2024-01-09,2025-08-25,True
U33897,A005,Nurse,Radiology,2024-01-05,2025-04-30,True
U37298,A005,Admin,Cardiology,2024-10-24,2025-05-23,True
U33738,A005,Doctor,ICU,2024-03-20,2025-01-13,True
U52474,A005,Admin,Cardiology,2024-07-31,2025-11-12,True
U86447,A005,Admin,ICU,2024-08-05,2025-04-16,True
U39247,A005,Admin,Radiology,2024-10-19,2025-08-13,True
U93207,A005,Doctor,Oncology,2024-06-05,2025-11-22,True
U67184,A005,Admin,Radiology,2024-09-13,2025-05-30,True
U31647,A005,Doctor,Oncology,2024-10-10,2025-05-02,True
U35725,A005,Admin,ER,2024-01-08,2025-06-19,True
U64228,A005,Admin,Oncology,2024-05-08,2025-08-31,True
U96912,A005,Admin,ICU,2024-06-11,2025-06-28,True
U23172,A005,Admin,Oncology,2024-06-27,2025-06-24,True
U74634,A005,Admin,ER,2024-08-05,2025-03-17,True
U48541,A005,Admin,Oncology,2024-10-21,2025-08-28,True
U27906,A005,Admin,Radiology,2024-01-02,2025-05-29,True
U99350,A005,Admin,Radiology,2024-11-26,2025-07-10,True
U85847,A005,Admin,ER,2024-11-15,2025-01-31,False
U20595,A005,Admin,ER,2024-09-02,2025-04-07,True
U86706,A006,Doctor,Radiology,2024-04-22,2025-03-06,True
U68857,A006,Admin,ER,2024-12-21,2025-02-05,True
U19269,A006,Doctor,Radiology,2024-12-22,2025-03-29,False
U49042,A006,Doctor,Cardiology,2024-06-02,2025-05-27,True
U13705,A006,Admin,Cardiology,2024-05-27,2025-07-07,True
U63151,A006,Doctor,Radiology,2024-06-03,2025-02-28,True
U81669,A006,Admin,ICU,2024-11-05,2025-09-20,True
U53755,A006,Nurse,Oncology,2024-06-04,2025-03-29,False
U16022,A006,Admin,Radiology,2024-11-09,2025-02-15,True
U17472,A006,Nurse,Oncology,2024-09-19,2025-08-17,False
U48367,A007,Nurse,ICU,2024-12-05,2025-03-13,True
U34359,A007,Admin,ER,2024-12-04,2025-07-17,False
U32275,A007,Nurse,ICU,2024-12-29,2025-07-21,True
U99267,A007,Nurse,ICU,2024-10-13,2025-06-26,True
U77907,A007,Admin,ER,2024-02-09,2025-06-15,True
U62030,A007,Nurse,ER,2024-09-09,2025-09-19,True
U82967,A007,Admin,ICU,2024-10-03,2025-04-25,True
U44118,A007,Admin,Oncology,2024-07-06,2025-09-12,True
U13180,A007,Nurse,Radiology,2024-10-15,2025-02-02,False
U90435,A007,Doctor,ICU,2024-05-15,2025-10-01,True
U42701,A007,Doctor,Cardiology,2024-07-23,2025-04-12,True
U16607,A007,Admin,Oncology,2024-08-24,2025-10-25,True
U67731,A007,Nurse,ICU,2024-02-21,2025-07-06,True
U39062,A007,Nurse,Radiology,2024-08-18,2025-02-05,False
U52544,A007,Doctor,Oncology,2024-12-24,2025-08-12,True
U96200,A007,Nurse,Radiology,2024-06-17,2025-05-09,False
U71992,A007,Doctor,ER,2024-01-25,2025-03-29,False
U60046,A007,Admin,Cardiology,2024-11-01,2025-06-13,True
U93696,A007,Doctor,ER,2024-06-12,2025-01-13,True
U54676,A007,Admin,Radiology,2024-02-02,2025-10-13,False
U39775,A008,Doctor,Cardiology,2024-05-10,2025-06-23,True
U20481,A008,Doctor,Cardiology,2024-12-25,2025-06-29,True
U12761,A008,Nurse,Oncology,2024-04-17,2025-12-16,True
U88844,A008,Doctor,Cardiology,2024-11-04,2025-09-29,True
U86768,A008,Nurse,Radiology,2024-04-28,2025-12-08,True
U26529,A008,Admin,Radiology,2024-07-05,2025-02-22,True
U73027,A008,Nurse,Cardiology,2024-01-08,2025-10-07,True
U38729,A008,Doctor,Cardiology,2024-12-20,2025-09-19,False
U58486,A008,Doctor,ICU,2024-12-08,2025-12-01,True
U27091,A008,Doctor,ER,2024-02-17,2025-02-07,True
U44609,A008,Nurse,Oncology,2024-07-16,2025-01-18,True
U92663,A008,Nurse,Radiology,2024-02-09,2025-07-16,False
U23375,A008,Nurse,ICU,2024-06-08,2025-07-13,False
U32793,A008,Nurse,Radiology,2024-11-24,2025-03-06,False
U32069,A008,Doctor,Oncology,2024-10-07,2025-08-25,True
U77331,A008,Admin,ER,2024-11-01,2025-10-15,True
U22688,A008,Admin,ICU,2024-10-10,2025-04-08,False
U60897,A008,Admin,ER,2024-02-28,2025-11-21,True
U68281,A008,Doctor,Cardiology,2024-12-07,2025-11-08,True
U15569,A008,Admin,ER,2024-12-04,2025-11-22,False
U19379,A008,Nurse,Radiology,2024-10-05,2025-04-13,True
U37884,A008,Nurse,Radiology,2024-11-20,2025-07-21,False
U75345,A008,Admin,Cardiology,2024-10-29,2025-01-09,True
U85623,A008,Admin,Oncology,2024-12-22,2025-03-15,True
U61702,A008,Nurse,Oncology,2024-05-22,2025-02-13,True
U79631,A008,Admin,ICU,2024-04-21,2025-07-04,True
U55931,A008,Admin,ICU,2024-12-29,2025-08-24,True
U64706,A008,Nurse,Oncology,2024-03-10,2025-02-12,True
U49418,A008,Doctor,ER,2024-04-04,2025-11-29,True
U29883,A008,Nurse,Cardiology,2024-09-04,2025-05-08,False
U21175,A008,Admin,Radiology,2024-07-29,2025-05-19,True
U27848,A008,Admin,Cardiology,2024-04-27,2025-09-21,True
U40914,A008,Nurse,Oncology,2024-08-06,2025-04-03,False
U42362,A008,Doctor,Radiology,2024-08-31,2025-07-31,True
U38808,A008,Doctor,Radiology,2024-10-12,2025-11-01,False
U90200,A008,Admin,Oncology,2024-11-22,2025-03-31,True
U70476,A008,Doctor,Radiology,2024-05-17,2025-12-23,True
U28217,A009,Nurse,ICU,2024-09-11,2025-11-13,True
U29176,A009,Doctor,Cardiology,2024-06-27,2025-08-01,False
U32313,A009,Nurse,Cardiology,2024-03-24,2025-07-20,True
U39490,A009,Admin,Radiology,2024-11-10,2025-01-29,False
U25132,A009,Admin,ICU,2024-11-04,2025-09-23,False
U19871,A009,Nurse,ICU,2024-12-22,2025-01-31,True
U65839,A009,Admin,ICU,2024-01-17,2025-03-27,False
U60666,A009,Doctor,Oncology,2024-10-09,2025-03-29,True
U34567,A009,Nurse,Cardiology,2024-07-11,2025-02-06,True
U38933,A009,Doctor,ER,2024-03-17,2025-03-05,True
U36305,A009,Doctor,ICU,2024-11-12,2025-05-13,False
U33651,A009,Nurse,Oncology,2024-03-11,2025-08-20,True
U78288,A009,Admin,ER,2024-06-06,2025-05-16,True
U46425,A009,Admin,Cardiology,2024-03-23,2025-05-10,True
U87357,A009,Nurse,Cardiology,2024-01-25,2025-12-06,True
U79808,A009,Doctor,Oncology,2024-04-17,2025-03-06,True
U97824,A009,Doctor,Oncology,2024-04-21,2025-08-15,True
U21423,A009,Admin,Radiology,2024-07-08,2025-04-22,True
U27158,A009,Nurse,ICU,2024-05-22,2025-02-13,True
U62912,A009,Nurse,Radiology,2024-08-10,2025-10-17,True
U31295,A009,Admin,Cardiology,2024-11-13,2025-07-26,False
U29525,A009,Admin,Radiology,2024-09-03,2025-05-06,True
U18323,A009,Admin,Oncology,2024-02-05,2025-07-08,True
U34601,A009,Doctor,ER,2024-03-08,2025-11-20,True
U42276,A009,Admin,ER,2024-03-23,2025-12-20,True
U32229,A009,Doctor,Radiology,2024-01-29,2025-09-01,True
U48888,A009,Doctor,Cardiology,2024-04-13,2025-04-10,True
U76689,A009,Doctor,ICU,2024-05-05,2025-06-15,True
U75803,A009,Doctor,ER,2024-09-04,2025-06-29,True
U23240,A009,Doctor,Radiology,2024-07-30,2025-03-31,True
U47574,A009,Nurse,ER,2024-07-28,2025-01-10,True
U18139,A009,Admin,Radiology,2024-01-05,2025-01-28,True
U57483,A009,Nurse,Cardiology,2024-02-16,2025-07-10,True
U35126,A009,Nurse,ICU,2024-10-11,2025-11-21,False
U88538,A010,Admin,ER,2024-05-15,2025-08-20,True
U96461,A010,Doctor,ICU,2024-10-14,2025-04-23,False
U90170,A010,Doctor,Oncology,2024-01-10,2025-05-22,True
U41078,A010,Nurse,Cardiology,2024-09-20,2025-07-31,False
U63003,A010,Doctor,ER,2024-11-19,2025-10-11,True
U11074,A010,Admin,ER,2024-04-10,2025-10-01,True
U51934,A010,Doctor,ER,2024-06-27,2025-09-30,True
U98593,A010,Doctor,Oncology,2024-07-29,2025-12-17,True
U75552,A010,Nurse,Cardiology,2024-12-13,2025-06-06,True
U23746,A010,Admin,Cardiology,2024-10-06,2025-03-16,False
U52490,A010,Nurse,ER,2024-05-19,2025-01-13,True
U15213,A010,Admin,ER,2024-06-28,2025-03-20,True
U18087,A010,Doctor,Radiology,2024-07-16,2025-01-05,False
U98986,A010,Admin,Cardiology,2024-04-13,2025-09-29,True
U71760,A010,Doctor,Oncology,2024-08-04,2025-06-18,True
U15601,A010,Doctor,Cardiology,2024-02-10,2025-11-15,True
U47029,A010,Nurse,Oncology,2024-05-15,2025-06-27,True
U23364,A010,Nurse,Oncology,2024-06-13,2025-11-16,True
U62002,A010,Admin,Oncology,2024-12-07,2025-11-13,True
U64521,A010,Doctor,Radiology,2024-12-12,2025-10-24,False
U24860,A010,Admin,Cardiology,2024-03-12,2025-12-18,True
U21115,A010,Nurse,ICU,2024-06-02,2025-10-28,True
U69527,A010,Doctor,ICU,2024-03-04,2025-07-10,True
U38075,A010,Doctor,ICU,2024-07-21,2025-07-13,True
U98498,A010,Admin,Cardiology,2024-02-02,2025-10-01,True
U56293,A010,Doctor,ICU,2024-04-04,2025-08-20,True
U22484,A010,Doctor,Cardiology,2024-04-04,2025-02-11,True
U50959,A010,Nurse,Oncology,2024-07-04,2025-06-29,True
U44378,A010,Doctor,Radiology,2024-06-02,2025-12-04,True
U42515,A010,Doctor,ER,2024-08-01,2025-06-27,True
U94868,A010,Admin,Oncology,2024-04-06,2025-11-23,False
U31985,A010,Admin,Cardiology,2024-02-28,2025-01-07,True
U72944,A011,Doctor,Oncology,2024-03-19,2025-07-22,True
U31548,A011,Admin,ICU,2024-05-13,2025-10-17,True
U27583,A011,Nurse,Cardiology,2024-06-03,2025-07-11,True
U51580,A011,Doctor,ER,2024-07-26,2025-04-21,True
U78722,A011,Nurse,Oncology,2024-04-15,2025-10-21,True
U92249,A011,Nurse,Cardiology,2024-06-26,2025-12-02,True
U93350,A011,Nurse,ER,2024-01-20,2025-03-04,True
U18564,A011,Doctor,Cardiology,2024-10-05,2025-01-22,False
U72884,A011,Nurse,ER,2024-11-03,2025-06-20,True
U12170,A011,Admin,Radiology,2024-05-18,2025-04-29,False
U45110,A011,Nurse,ICU,2024-07-05,2025-07-04,True
U38810,A011,Admin,ICU,2024-09-30,2025-06-10,False
U60422,A011,Admin,Radiology,2024-07-05,2025-08-25,True
U69928,A011,Doctor,ER,2024-11-22,2025-10-25,False
U32625,A011,Doctor,ER,2024-09-28,2025-08-18,False
U95077,A011,Doctor,Radiology,2024-04-26,2025-10-15,False
U42408,A011,Doctor,Radiology,2024-12-08,2025-09-20,True
U21984,A011,Nurse,Cardiology,2024-10-22,2025-10-09,True
U54198,A011,Doctor,Radiology,2024-04-09,2025-02-16,True
U99459,A011,Nurse,Oncology,2024-07-15,2025-10-22,True
U96536,A011,Admin,ER,2024-09-29,2025-06-08,True
U77322,A011,Admin,Cardiology,2024-07-03,2025-02-27,True
U86747,A011,Doctor,Radiology,2024-02-04,2025-02-03,True
U76669,A011,Admin,Oncology,2024-04-07,2025-10-05,False
U15623,A011,Nurse,ER,2024-10-09,2025-08-02,True
U33966,A011,Admin,Cardiology,2024-03-07,2025-09-04,True
U93623,A011,Admin,ICU,2024-06-09,2025-10-21,True
U24030,A011,Admin,ICU,2024-11-13,2025-10-02,True
U56179,A011,Nurse,Cardiology,2024-05-29,2025-03-13,True
U82690,A011,Doctor,ER,2024-08-20,2025-08-01,True
U90049,A011,Admin,Radiology,2024-02-06,2025-05-31,True
U10493,A011,Nurse,Cardiology,2024-02-08,2025-07-15,True
U63430,A011,Admin,ER,2024-08-18,2025-01-21,False
U16285,A011,Nurse,ICU,2024-12-14,2025-07-11,False
U64384,A011,Doctor,ER,2024-05-16,2025-01-19,True
U48456,A011,Nurse,ICU,2024-04-28,2025-09-12,True
U58059,A011,Doctor,Cardiology,2024-02-07,2025-05-29,True
U21703,A011,Nurse,Cardiology,2024-08-29,2025-09-24,False
U36285,A011,Admin,Cardiology,2024-11-08,2025-11-01,False
U82204,A011,Admin,Oncology,2024-01-02,2025-05-13,True
U92308,A012,Admin,Radiology,2024-08-09,2025-06-08,True
U58881,A012,Nurse,Oncology,2024-01-02,2025-11-15,True
U27056,A012,Admin,Cardiology,2024-10-28,2025-11-08,True
U64375,A012,Admin,ER,2024-09-20,2025-08-01,False
U73010,A012,Nurse,Oncology,2024-02-19,2025-05-11,True
U49432,A012,Admin,ICU,2024-07-27,2025-02-01,True
U53200,A012,Nurse,Oncology,2024-01-16,2025-01-16,True
U50054,A012,Nurse,Oncology,2024-10-21,2025-12-04,True
U61996,A012,Admin,ICU,2024-06-09,2025-12-17,True
U76701,A012,Admin,Radiology,2024-05-14,2025-06-03,False
U38066,A012,Nurse,ER,2024-12-31,2025-07-26,True
U60563,A012,Admin,ICU,2024-01-21,2025-03-15,False
U54288,A012,Admin,ER,2024-01-08,2025-09-09,True
U79749,A012,Doctor,Oncology,2024-01-23,2025-10-19,True
U15187,A012,Admin,Radiology,2024-09-18,2025-03-28,True
U16554,A012,Doctor,ER,2024-06-07,2025-06-15,False
U21935,A012,Doctor,Radiology,2024-01-16,2025-06-10,False
U71185,A012,Doctor,Cardiology,2024-07-25,2025-05-23,False
U82903,A012,Nurse,ICU,2024-12-15,2025-10-13,False
U41595,A012,Admin,Oncology,2024-10-22,2026-01-01,False
U15545,A012,Doctor,Radiology,2024-09-12,2025-03-11,True
U91315,A012,Admin,Oncology,2024-12-21,2025-07-10,True
U19077,A012,Nurse,ER,2024-11-02,2025-05-13,True
U86408,A012,Doctor,ICU,2024-11-03,2025-08-16,True
U48577,A012,Doctor,ER,2024-05-19,2025-02-03,True
U13573,A012,Admin,Oncology,2024-02-27,2025-07-28,True
U62710,A012,Doctor,Oncology,2024-07-10,2025-07-27,False
U94490,A012,Nurse,Radiology,2024-03-18,2025-12-26,True
U35756,A012,Nurse,ICU,2024-03-08,2025-11-29,False
U35732,A012,Nurse,Radiology,2024-12-18,2025-03-26,True
U23306,A012,Doctor,ICU,2024-06-26,2025-09-17,True
U54553,A012,Doctor,Oncology,2024-02-06,2025-01-18,True
U58948,A012,Nurse,ER,2024-04-15,2025-10-18,True
U97001,A012,Doctor,ICU,2024-04-17,2025-07-12,False
U40018,A012,Doctor,Radiology,2024-06-02,2025-10-25,True
U51549,A012,Nurse,ER,2024-08-20,2025-03-21,True
U60539,A012,Admin,Radiology,2024-05-10,2025-04-10,True
U68895,A012,Doctor,Cardiology,2024-01-09,2025-04-06,True
U96047,A012,Admin,ER,2024-03-02,2025-09-21,True
U89146,A013,Admin,ICU,2024-12-30,2025-04-04,False
U21228,A013,Admin,Radiology,2024-11-25,2025-06-11,True
U44471,A013,Admin,ICU,2024-01-28,2025-09-23,False
U39986,A013,Nurse,ER,2024-09-26,2025-10-25,True
U23493,A013,Nurse,Cardiology,2024-07-09,2025-08-11,False
U14671,A013,Nurse,Cardiology,2024-10-31,2025-11-01,True
U49585,A013,Admin,Oncology,2024-03-24,2025-03-15,True
U21575,A013,Nurse,Radiology,2024-01-18,2025-05-24,True
U93329,A013,Admin,Radiology,2024-12-28,2025-11-18,True
U38831,A013,Doctor,Radiology,2024-10-04,2025-08-12,True
U84011,A013,Nurse,Radiology,2024-10-20,2025-10-12,False
U90615,A013,Nurse,Oncology,2024-02-22,2025-05-30,True
U70860,A013,Admin,ICU,2024-04-12,2025-01-12,True
U46527,A013,Admin,ER,2024-06-06,2025-05-03,True
U90077,A013,Nurse,ER,2024-06-26,2025-10-02,True
U12663,A013,Doctor,Cardiology,2024-03-31,2025-10-20,True
U49628,A013,Nurse,ICU,2024-06-22,2025-11-11,True
U25815,A013,Admin,Oncology,2024-10-28,2025-05-15,False
U71048,A013,Admin,ICU,2024-04-29,2025-04-21,False
U50902,A013,Nurse,ER,2024-03-29,2025-06-24,False
U35924,A013,Nurse,Radiology,2024-04-28,2025-07-08,True
U47035,A013,Admin,ER,2024-07-24,2025-08-06,True
U71569,A013,Nurse,ER,2024-08-30,2025-07-12,True
U79139,A013,Admin,Cardiology,2024-11-28,2025-09-24,True
U98291,A013,Doctor,ER,2024-03-18,2025-08-03,True
U24378,A013,Doctor,Cardiology,2024-07-28,2025-11-17,True
U80747,A013,Admin,Cardiology,2024-10-14,2025-02-07,True
U88842,A013,Admin,Radiology,2024-11-29,2025-11-19,True
U89636,A013,Doctor,ICU,2024-07-20,2025-08-22,True
U51812,A013,Nurse,ICU,2024-11-02,2025-03-30,True
U38475,A013,Doctor,Oncology,2024-11-15,2025-09-13,True
U58165,A013,Nurse,ICU,2024-07-08,2025-03-30,True
U27140,A013,Nurse,Radiology,2024-11-20,2025-05-30,True
U73485,A013,Admin,ICU,2024-12-12,2025-06-02,True
U64263,A013,Admin,Cardiology,2024-10-04,2025-01-06,False
U65839,A013,Nurse,ER,2024-09-23,2025-05-07,True
U10136,A013,Nurse,ICU,2024-05-16,2025-06-30,True
U78552,A013,Doctor,Oncology,2024-07-22,2025-05-17,True
U53011,A013,Doctor,Cardiology,2024-10-24,2025-07-21,True
U89396,A013,Admin,Radiology,2024-05-12,2025-12-11,True
U35799,A013,Nurse,ICU,2024-02-23,2025-02-02,False
U14935,A013,Nurse,ER,2024-11-08,2025-12-13,False
U99185,A013,Doctor,ICU,2024-10-09,2025-06-22,True
U12062,A013,Nurse,Cardiology,2024-04-25,2025-12-13,False
U19076,A014,Admin,ER,2024-05-24,2025-02-14,True
U67059,A014,Nurse,Cardiology,2024-11-03,2025-10-03,False
U43203,A014,Doctor,Oncology,2024-04-03,2025-11-11,True
U58426,A014,Doctor,ER,2024-06-02,2025-09-10,True
U85720,A014,Doctor,ICU,2024-03-15,2025-03-14,True
U92026,A014,Admin,Cardiology,2024-05-29,2025-08-22,True
U73392,A014,Admin,ER,2024-02-29,2025-10-15,True
U64287,A014,Admin,ER,2024-08-13,2025-06-17,True
U43802,A014,Doctor,Radiology,2024-01-28,2025-01-17,True
U71178,A014,Admin,ER,2024-05-07,2025-04-30,True
U33283,A014,Admin,Cardiology,2024-06-10,2025-08-23,True
U42410,A014,Admin,Cardiology,2024-06-19,2025-09-28,True
U85630,A014,Nurse,ICU,2024-11-06,2025-12-07,True
U17347,A014,Nurse,Radiology,2024-11-27,2025-12-01,True
U50138,A014,Doctor,ER,2024-09-29,2025-07-21,True
U87562,A014,Doctor,ICU,2024-01-19,2025-07-22,True
U55538,A015,Admin,Radiology,2024-01-31,2025-08-03,True
U28752,A015,Nurse,Radiology,2024-11-12,2025-01-29,False
U80784,A015,Doctor,Cardiology,2024-05-24,2025-10-19,True
U57789,A015,Nurse,Oncology,2024-12-26,2025-11-01,True
U80415,A015,Admin,Radiology,2024-01-08,2025-11-20,True
U81394,A015,Admin,Radiology,2024-03-03,2025-03-17,True
U51568,A015,Nurse,Radiology,2024-01-22,2025-11-22,True
U47920,A015,Doctor,Radiology,2024-10-09,2025-03-13,True
U76353,A015,Admin,ER,2024-09-19,2025-12-22,True
U24682,A015,Nurse,Radiology,2024-06-04,2025-12-06,False
U47110,A015,Doctor,Oncology,2024-06-13,2025-03-12,True
U48490,A015,Nurse,ICU,2024-09-06,2025-01-22,True
U55743,A015,Doctor,ICU,2024-01-27,2025-01-26,False
U39026,A015,Admin,ER,2024-11-18,2025-01-26,True
U40439,A015,Doctor,Cardiology,2024-09-25,2025-06-07,True
U88007,A015,Admin,Radiology,2024-05-06,2025-04-18,True
U99894,A015,Admin,Oncology,2024-01-02,2025-12-03,True
U86275,A015,Nurse,Oncology,2024-10-16,2025-04-29,True
U73733,A015,Admin,Cardiology,2024-08-28,2025-04-01,True
U75959,A015,Admin,ICU,2024-11-23,2025-06-23,False
U47577,A015,Nurse,ER,2024-08-01,2025-06-08,False
U98786,A015,Admin,Cardiology,2024-07-07,2025-07-25,True
U72557,A015,Admin,ICU,2024-04-28,2025-08-09,True
U28352,A015,Nurse,Oncology,2024-06-25,2025-06-07,True
U70982,A015,Admin,Oncology,2024-06-30,2025-11-27,True
U28815,A016,Admin,Radiology,2024-07-12,2025-09-01,False
U89268,A016,Doctor,Oncology,2024-09-08,2025-04-01,True
U16422,A016,Doctor,Radiology,2024-09-16,2025-01-24,True
U57839,A016,Nurse,Oncology,2024-11-04,2025-09-20,True
U41241,A016,Doctor,ER,2024-07-19,2025-03-03,True
U86862,A016,Doctor,Oncology,2024-09-29,2025-08-22,True
U82211,A016,Nurse,ER,2024-10-10,2025-09-14,False
U35964,A016,Doctor,ER,2024-10-13,2025-01-26,True
U38404,A016,Admin,Radiology,2024-10-12,2025-11-17,False
U53588,A016,Nurse,ICU,2024-12-28,2025-09-08,True
U66573,A016,Doctor,ICU,2024-06-29,2025-03-14,False
U59181,A016,Nurse,Oncology,2024-12-17,2025-12-11,True
U46968,A016,Doctor,ER,2024-09-09,2025-01-15,True
U87773,A016,Admin,ICU,2024-01-09,2025-10-23,True
U12789,A016,Admin,Oncology,2024-06-24,2025-11-27,True
U10028,A016,Admin,Radiology,2024-07-29,2025-04-03,True
U51906,A016,Nurse,ER,2024-03-11,2025-08-13,True
U17077,A016,Nurse,ICU,2024-12-31,2025-03-14,True
U61023,A016,Nurse,ICU,2024-11-21,2025-04-02,True
U79139,A016,Nurse,ICU,2024-06-04,2025-06-19,True
U67710,A016,Doctor,Radiology,2024-09-05,2025-11-09,True
U56610,A016,Nurse,ER,2024-01-10,2025-11-10,False
U86656,A016,Nurse,Cardiology,2024-11-07,2025-06-17,True
U31632,A016,Doctor,ER,2024-10-09,2025-06-20,True
U10479,A016,Nurse,Oncology,2024-05-01,2025-11-22,True
U50904,A016,Doctor,ICU,2024-06-13,2025-07-20,True
U46223,A016,Nurse,ICU,2024-10-27,2025-04-07,True
U45308,A016,Nurse,Oncology,2024-02-19,2025-06-30,False
U32048,A016,Admin,ER,2024-09-28,2025-02-20,True
U93042,A016,Admin,Radiology,2024-08-02,2025-07-02,True
U35368,A016,Admin,Cardiology,2024-04-07,2025-04-26,True
U59942,A016,Nurse,Cardiology,2024-03-10,2025-11-24,True
U81895,A016,Admin,Radiology,2024-06-11,2025-08-24,True
U18991,A016,Doctor,Radiology,2024-01-29,2025-06-23,True
U17318,A016,Admin,Oncology,2024-05-20,2025-11-01,True
U46447,A017,Admin,ER,2024-11-26,2025-05-28,True
U70362,A017,Doctor,Oncology,2024-04-02,2025-06-21,False
U26115,A017,Nurse,Oncology,2024-02-24,2025-05-14,True
U67713,A017,Admin,ER,2024-11-23,2025-03-11,True
U40131,A017,Nurse,Oncology,2024-01-02,2025-11-19,True
U27835,A017,Doctor,Radiology,2024-09-18,2025-12-07,True
U63439,A017,Doctor,Oncology,2024-03-22,2025-09-29,True
U22204,A017,Nurse,ER,2024-02-02,2025-11-03,True
U88999,A017,Nurse,ICU,2024-11-08,2025-06-18,True
U50548,A017,Doctor,ICU,2024-11-15,2025-01-07,True
U20274,A017,Doctor,ICU,2024-07-18,2025-08-01,True
U77618,A018,Nurse,Oncology,2024-12-28,2025-07-16,True
U51979,A018,Doctor,ER,2024-09-19,2025-03-25,False
U58513,A018,Admin,Radiology,2024-03-24,2025-08-19,True
U27035,A018,Nurse,ER,2024-05-09,2025-12-26,True
U78212,A018,Nurse,ICU,2024-07-17,2025-10-12,True
U80857,A018,Admin,ICU,2024-11-13,2025-10-13,True
U74868,A018,Nurse,Cardiology,2024-09-09,2025-02-10,True
U30549,A018,Admin,Radiology,2024-07-21,2025-01-29,False
U92386,A018,Doctor,Radiology,2024-07-16,2025-02-27,True
U88258,A018,Admin,Cardiology,2024-05-27,2025-04-06,True
U10934,A019,Admin,Oncology,2024-04-01,2025-08-15,True
U16953,A019,Doctor,Cardiology,2024-12-04,2025-03-17,True
U97307,A019,Admin,Oncology,2024-08-06,2025-08-18,False
U26618,A019,Nurse,Oncology,2024-07-29,2025-11-01,True
U10219,A019,Nurse,ICU,2024-12-13,2025-12-06,True
U53879,A019,Admin,Cardiology,2024-11-25,2025-08-21,False
U19538,A019,Doctor,Radiology,2024-11-15,2025-01-11,False
U99317,A019,Doctor,Oncology,2024-09-07,2025-11-21,True
U71659,A019,Doctor,Radiology,2024-12-10,2025-08-26,True
U87731,A019,Doctor,Cardiology,2024-03-18,2025-11-09,True
U14061,A019,Admin,Oncology,2024-05-03,2025-05-16,True
U30477,A019,Doctor,Oncology,2024-02-16,2025-09-04,True
U82487,A019,Doctor,ER,2024-06-26,2025-04-13,True
U20060,A019,Nurse,ER,2024-01-14,2025-08-28,True
U29276,A019,Admin,Radiology,2024-11-03,2025-04-28,False
U70505,A019,Doctor,ICU,2024-02-12,2025-02-11,False
U54727,A019,Nurse,ER,2024-12-31,2025-04-30,False
U73382,A019,Doctor,ER,2024-04-25,2025-06-09,False
U63823,A019,Admin,Oncology,2024-11-03,2025-11-01,True
U82437,A019,Doctor,ER,2024-04-23,2025-09-30,True
U50880,A019,Nurse,Radiology,2024-01-28,2025-02-16,True
U10552,A020,Admin,Radiology,2024-11-13,2025-01-14,True
U73765,A020,Doctor,ER,2024-01-26,2025-12-22,True
U79264,A020,Nurse,Cardiology,2024-05-13,2025-10-15,True
U77396,A020,Admin,Radiology,2024-07-07,2025-03-11,True
U16143,A020,Nurse,Radiology,2024-12-02,2025-06-15,True
U44679,A020,Nurse,ER,2024-07-01,2025-12-27,True
U35168,A020,Doctor,Radiology,2024-09-28,2025-10-21,True
U12113,A020,Admin,ER,2024-10-14,2025-01-02,False
U46238,A020,Nurse,ICU,2024-05-23,2025-10-02,True
U50161,A020,Nurse,Oncology,2024-02-20,2025-09-23,True
U26246,A020,Nurse,Radiology,2024-02-22,2025-05-26,True
U60417,A020,Doctor,ER,2024-11-07,2025-06-25,True
U98622,A020,Doctor,Radiology,2024-04-18,2025-03-29,True
U50672,A020,Doctor,Oncology,2024-09-30,2025-03-17,True
U44065,A021,Doctor,ICU,2024-02-16,2025-10-22,True
U42543,A021,Admin,Oncology,2024-04-15,2025-09-06,True
U72035,A021,Doctor,ER,2024-07-11,2025-01-01,True
U64838,A021,Admin,Oncology,2024-11-24,2025-10-09,False
U23147,A021,Admin,ICU,2024-05-26,2025-03-09,True
U76660,A021,Doctor,Cardiology,2024-11-27,2025-05-01,True
U70217,A021,Doctor,Radiology,2024-04-23,2025-02-22,True
U44376,A021,Admin,ER,2024-11-17,2025-05-28,True
U12049,A021,Doctor,ICU,2024-10-06,2025-11-03,False
U46610,A021,Nurse,ER,2024-06-26,2025-05-16,True
U35633,A021,Doctor,Oncology,2024-11-11,2025-07-15,True
U15041,A021,Admin,Cardiology,2024-11-25,2025-05-04,True
U25807,A021,Nurse,Radiology,2024-07-10,2025-07-15,False
U29019,A021,Nurse,Cardiology,2024-09-29,2025-09-30,True
U51237,A021,Nurse,ER,2024-02-13,2025-08-12,True
U89484,A021,Nurse,ER,2024-04-03,2025-04-19,False
U82807,A021,Doctor,ICU,2024-06-09,2025-02-08,True
U92724,A021,Nurse,Oncology,2024-04-10,2025-05-14,False
U68300,A021,Nurse,Oncology,2024-07-17,2025-01-03,True
U26769,A021,Doctor,ER,2024-10-15,2025-08-20,True
U79678,A021,Doctor,ICU,2024-11-10,2025-12-23,True
U29448,A021,Admin,Radiology,2024-09-23,2025-05-26,True
U98971,A021,Admin,Cardiology,2024-09-12,2025-04-03,True
U49677,A021,Admin,Cardiology,2024-07-04,2025-06-21,True
U10686,A021,Nurse,ER,2024-08-08,2025-08-11,True
U45950,A021,Doctor,Cardiology,2024-07-29,2025-10-10,True
U55224,A021,Nurse,Radiology,2024-10-05,2025-10-10,True
U71988,A021,Nurse,Cardiology,2024-06-26,2025-02-11,True
U80477,A021,Doctor,ER,2024-04-27,2025-10-30,True
U59225,A021,Admin,ICU,2024-01-30,2025-02-27,False
U28574,A021,Nurse,ER,2024-06-27,2025-11-22,True
U57653,A021,Doctor,ER,2024-02-02,2025-02-05,True
U38125,A021,Admin,Cardiology,2024-01-17,2025-10-01,True
U79618,A021,Nurse,ICU,2024-08-23,2025-05-24,True
U31283,A021,Nurse,ER,2024-06-14,2025-09-07,True
U10011,A021,Nurse,ICU,2024-04-19,2025-12-09,False
U49648,A021,Nurse,Radiology,2024-05-22,2025-03-31,True
U45142,A021,Admin,ER,2024-05-03,2025-09-26,True
U19930,A021,Doctor,ER,2024-03-02,2025-03-24,True
U93027,A021,Admin,Oncology,2024-03-07,2025-10-16,False
U66841,A021,Doctor,Radiology,2024-06-04,2025-04-08,True
U30380,A021,Admin,ICU,2024-05-23,2025-03-19,False
U28829,A021,Admin,ER,2024-02-01,2025-09-04,False
U31087,A021,Admin,Radiology,2024-01-20,2025-12-02,True
U16637,A021,Admin,Cardiology,2024-10-29,2025-09-14,True
U54424,A021,Admin,ICU,2024-11-04,2025-03-09,True
U73901,A022,Admin,ICU,2024-03-04,2025-06-21,True
U40799,A022,Doctor,Oncology,2024-11-22,2025-11-08,True
U84693,A022,Doctor,ICU,2024-01-03,2025-07-15,True
U15509,A022,Doctor,ER,2024-08-04,2025-12-09,False
U90837,A022,Doctor,Cardiology,2024-08-03,2025-01-12,True
U96008,A022,Doctor,ICU,2024-04-26,2025-12-16,True
U40436,A022,Doctor,ER,2024-07-28,2025-10-10,True
U42127,A022,Doctor,Oncology,2024-11-30,2025-01-25,True
U34648,A022,Admin,ER,2024-10-05,2025-03-14,True
U57024,A022,Nurse,Radiology,2024-01-25,2025-10-09,True
U11520,A022,Admin,ICU,2024-02-17,2025-10-31,True
U10764,A022,Nurse,Oncology,2024-01-17,2025-05-06,True
U83415,A022,Nurse,ICU,2024-04-11,2025-08-14,True
U57366,A022,Nurse,Oncology,2024-10-09,2025-01-16,True
U32485,A022,Admin,ER,2024-11-04,2025-10-20,True
U37635,A022,Admin,Radiology,2024-03-08,2025-02-10,False
U94382,A022,Admin,Cardiology,2024-06-30,2025-07-11,True
U19979,A022,Admin,ICU,2024-05-27,2025-05-23,False
U80060,A022,Nurse,ER,2024-11-23,2025-08-24,True
U83280,A022,Doctor,Cardiology,2024-06-18,2025-01-16,True
U63193,A022,Doctor,Oncology,2024-10-11,2025-07-19,True
U94678,A022,Admin,ICU,2024-10-21,2025-01-11,True
U66358,A022,Nurse,Radiology,2024-02-07,2025-08-16,False
U71961,A022,Doctor,Radiology,2024-06-04,2025-05-24,True
U32866,A022,Doctor,Cardiology,2024-10-30,2025-05-03,False
U55125,A022,Admin,Cardiology,2024-06-09,2025-10-23,True
U67338,A022,Admin,ICU,2024-02-05,2025-02-08,False
U62775,A022,Nurse,Radiology,2024-04-27,2025-10-15,True
U69733,A022,Admin,ICU,2024-02-24,2025-03-11,True
U59746,A022,Nurse,Oncology,2024-09-27,2025-10-07,False
U65998,A022,Doctor,ER,2024-02-01,2025-01-14,False
U63751,A022,Admin,Oncology,2024-04-18,2025-01-30,True
U81304,A022,Admin,ER,2024-10-26,2025-12-15,False
U48348,A022,Admin,Cardiology,2024-01-29,2025-11-07,False
U66236,A022,Doctor,Cardiology,2024-01-18,2025-12-20,True
U11311,A022,Admin,ER,2024-02-27,2025-04-29,True
U99012,A022,Nurse,ICU,2024-07-04,2025-03-08,False
U79274,A022,Nurse,ER,2024-10-17,2025-06-11,True
U31201,A022,Doctor,Cardiology,2024-08-04,2025-02-01,True
U68761,A022,Doctor,ICU,2024-01-22,2025-12-16,True
U50127,A022,Doctor,Cardiology,2024-01-01,2025-08-28,True
U34286,A023,Doctor,ICU,2024-03-20,2025-10-03,True
U43788,A023,Admin,Radiology,2024-04-13,2025-03-04,True
U90488,A023,Admin,ER,2024-06-06,2025-07-27,False
U62224,A023,Doctor,Cardiology,2024-07-08,2025-08-13,True
U43139,A023,Doctor,Radiology,2024-07-16,2025-11-14,False
U96585,A023,Nurse,Oncology,2024-12-08,2025-08-01,True
U73135,A023,Nurse,ICU,2024-09-30,2025-12-18,True
U75478,A023,Nurse,Cardiology,2024-03-31,2025-10-28,True
U57457,A023,Nurse,Cardiology,2024-11-10,2025-09-16,True
U64052,A023,Doctor,ICU,2024-12-20,2025-08-01,True
U98415,A023,Admin,Radiology,2024-04-16,2025-06-03,True
U57224,A023,Nurse,ER,2024-09-15,2025-07-07,True
U33954,A023,Doctor,Cardiology,2024-01-22,2025-12-31,False
U19149,A023,Doctor,Oncology,2024-02-28,2025-06-12,False
U57536,A023,Nurse,Radiology,2024-09-07,2025-01-18,True
U53746,A023,Nurse,ER,2024-02-23,2025-09-15,True
U32751,A023,Doctor,Oncology,2024-10-13,2025-03-02,True
U12639,A023,Admin,Oncology,2024-02-06,2025-06-17,True
U39312,A024,Doctor,ICU,2024-04-08,2025-10-22,False
U21573,A024,Doctor,Oncology,2024-12-17,2025-07-06,True
U51115,A024,Admin,ICU,2024-06-28,2025-06-09,True
U76932,A024,Doctor,Cardiology,2024-09-08,2025-12-29,True
U70155,A024,Admin,Oncology,2024-03-17,2025-07-13,True
U25618,A024,Nurse,Radiology,2024-08-19,2025-03-12,True
U34142,A024,Doctor,Radiology,2024-10-20,2025-05-23,True
U53333,A024,Doctor,ER,2024-11-10,2025-08-12,True
U59328,A024,Admin,Radiology,2024-02-28,2025-03-06,False
U12696,A024,Admin,Radiology,2024-11-16,2025-07-10,True
U99999,A024,Nurse,Cardiology,2024-02-13,2025-06-16,True
U44375,A024,Doctor,ICU,2024-12-17,2025-12-25,True
U79265,A024,Admin,Radiology,2024-07-13,2025-05-16,False
U58966,A024,Doctor,Oncology,2024-12-29,2025-11-22,True
U89767,A024,Admin,Oncology,2024-12-09,2025-08-12,True
U64184,A024,Nurse,ER,2024-03-02,2025-10-21,True
U98731,A024,Nurse,ER,2024-06-15,2025-03-01,True
U73912,A024,Nurse,Radiology,2024-05-13,2025-11-09,True
U79104,A024,Nurse,Oncology,2024-05-23,2025-07-31,True
U91341,A024,Admin,Radiology,2024-10-15,2025-11-05,True
U99612,A024,Doctor,ICU,2024-11-22,2025-09-20,True
U39527,A024,Nurse,Cardiology,2024-03-28,2025-04-12,False
U87987,A024,Doctor,Oncology,2024-02-10,2025-11-14,True
U90650,A024,Nurse,Oncology,2024-10-04,2025-05-06,True
U94795,A024,Doctor,ER,2024-06-28,2025-03-02,True
U72593,A024,Admin,Cardiology,2024-10-29,2025-10-10,True
U46048,A024,Admin,ER,2024-09-17,2025-03-03,True
U73869,A024,Nurse,Oncology,2024-09-12,2025-09-07,True
U44926,A024,Doctor,Oncology,2024-10-07,2025-12-29,True
U38619,A024,Nurse,Cardiology,2024-09-03,2025-12-07,False
U55147,A024,Nurse,Oncology,2024-03-14,2025-04-19,True
U34928,A024,Doctor,Cardiology,2024-04-21,2025-11-21,True
U23697,A024,Nurse,ER,2024-07-10,2025-10-28,True
U77671,A024,Nurse,Cardiology,2024-07-15,2025-04-16,False
U65826,A024,Doctor,Cardiology,2024-12-04,2025-10-24,True
U60040,A024,Nurse,ICU,2024-12-26,2025-05-06,True
U60200,A024,Doctor,ER,2024-04-04,2025-09-02,True
U34166,A024,Admin,ICU,2024-11-18,2025-02-02,True
U42023,A024,Doctor,Cardiology,2024-10-21,2025-12-02,False
U58190,A024,Nurse,Oncology,2024-02-09,2025-04-03,False
U62941,A024,Doctor,Oncology,2024-02-02,2025-05-26,True
U69069,A024,Doctor,Cardiology,2024-03-05,2025-11-27,True
U15425,A024,Doctor,Radiology,2024-10-06,2025-11-27,False
U66935,A024,Doctor,ER,2024-03-07,2025-03-24,True
U31030,A025,Doctor,Cardiology,2024-05-03,2025-05-24,True
U58195,A025,Admin,Cardiology,2024-02-27,2025-03-10,True
U32180,A025,Nurse,ICU,2024-06-24,2025-06-06,True
U99871,A025,Doctor,Radiology,2024-12-15,2025-11-10,True
U72608,A025,Doctor,ER,2024-07-25,2025-03-26,False
U83206,A025,Doctor,ER,2024-04-22,2025-10-27,True
U37462,A025,Nurse,Radiology,2024-02-10,2025-11-18,False
U93374,A025,Nurse,Cardiology,2024-04-07,2025-05-23,True
U65182,A025,Doctor,Cardiology,2024-02-19,2025-01-24,True
U62313,A025,Nurse,Cardiology,2024-09-17,2025-10-08,False
U60066,A025,Nurse,ICU,2024-02-01,2025-05-29,True
U60911,A025,Admin,Radiology,2024-10-06,2025-04-06,False
U34302,A025,Doctor,Radiology,2024-10-24,2025-11-02,False
U25692,A025,Doctor,ER,2024-02-26,2025-11-12,True
U43936,A025,Nurse,Cardiology,2024-07-08,2025-07-13,False
U77086,A025,Doctor,Radiology,2024-04-25,2025-11-19,True
U58565,A025,Admin,Cardiology,2024-10-04,2025-08-31,True
U71881,A025,Doctor,Cardiology,2024-11-05,2025-12-08,True
U35271,A025,Admin,Radiology,2024-04-27,2025-02-15,False
U83288,A025,Doctor,Radiology,2024-03-11,2025-01-24,True
U77667,A025,Doctor,Cardiology,2024-04-17,2025-12-08,False
U98253,A025,Admin,Oncology,2024-06-24,2025-04-12,True
U76976,A025,Nurse,Oncology,2024-09-10,2025-07-31,True
U49345,A025,Doctor,Radiology,2024-11-23,2025-07-01,True
U56839,A025,Nurse,Oncology,2024-03-28,2025-08-11,False
U85608,A025,Admin,ER,2024-09-04,2025-08-26,False
U36359,A025,Doctor,Oncology,2024-12-06,2025-11-03,True
U12328,A025,Admin,Radiology,2024-06-21,2025-08-14,True
U53094,A026,Doctor,Oncology,2024-12-10,2025-11-12,True
U90244,A026,Admin,ICU,2024-01-03,2025-09-13,False
U21096,A026,Nurse,ER,2024-09-30,2025-06-27,True
U22868,A026,Nurse,Oncology,2024-10-28,2025-08-06,False
U61736,A026,Admin,ICU,2024-08-20,2025-09-09,True
U76254,A026,Nurse,ICU,2024-03-05,2025-09-27,False
U45127,A026,Admin,Radiology,2024-06-06,2025-04-23,False
U40652,A026,Doctor,Radiology,2024-12-13,2025-07-19,True
U20017,A026,Admin,Oncology,2024-08-16,2025-12-13,True
U25393,A026,Doctor,ICU,2024-04-06,2025-12-30,True
U36195,A026,Doctor,ICU,2024-11-01,2025-04-10,True
U12043,A026,Doctor,Oncology,2024-05-19,2025-07-05,True
U43232,A026,Nurse,Cardiology,2024-10-25,2025-08-17,True
U83362,A026,Admin,ER,2024-05-18,2025-07-28,True
U68848,A026,Doctor,ICU,2024-05-26,2025-07-02,True
U51532,A026,Nurse,ER,2024-08-08,2025-05-08,False
U68009,A026,Nurse,ER,2024-02-04,2025-05-26,True
U84816,A026,Admin,ER,2024-07-30,2025-03-12,True
U12027,A026,Doctor,Cardiology,2024-10-24,2025-10-06,True
U73055,A026,Nurse,Radiology,2024-03-26,2025-10-24,True
U40401,A026,Doctor,Radiology,2024-09-21,2025-05-03,True
U77696,A026,Admin,ICU,2024-03-21,2025-12-01,True
U47090,A026,Admin,ER,2024-01-16,2025-09-29,False
U17100,A026,Nurse,Cardiology,2024-04-23,2025-04-12,False
U74482,A026,Nurse,ER,2024-03-16,2025-08-13,True
U67881,A027,Admin,Cardiology,2024-01-20,2025-12-27,True
U56344,A027,Doctor,Cardiology,2024-09-19,2025-12-21,False
U54175,A027,Doctor,ICU,2024-03-26,2025-01-20,True
U36589,A027,Admin,Radiology,2024-06-23,2025-10-27,True
U81797,A027,Doctor,ICU,2024-08-01,2025-03-17,True
U16462,A027,Doctor,Cardiology,2024-06-26,2025-01-09,True
U30845,A027,Doctor,Oncology,2024-01-01,2025-03-09,True
U34864,A027,Nurse,Oncology,2024-03-14,2025-03-30,False
U14939,A027,Doctor,Cardiology,2024-11-13,2025-02-28,False
U99413,A027,Admin,Cardiology,2024-07-26,2025-11-21,False
U23895,A027,Nurse,Radiology,2024-11-27,2025-09-06,True
U92710,A027,Nurse,Radiology,2024-06-02,2025-01-29,True
U95439,A028,Nurse,Radiology,2024-11-11,2025-11-16,True
U61401,A028,Doctor,Radiology,2024-02-14,2026-01-01,False
U45685,A028,Nurse,ICU,2024-02-23,2025-08-09,True
U66895,A028,Nurse,Oncology,2024-10-28,2025-10-11,True
U86368,A028,Admin,Radiology,2024-05-27,2025-12-14,False
U75742,A028,Admin,Oncology,2024-02-13,2025-05-28,True
U85726,A028,Nurse,Radiology,2024-07-11,2025-05-17,True
U74341,A028,Nurse,ICU,2024-05-17,2025-03-22,True
U27576,A028,Doctor,ICU,2024-04-10,2025-06-27,True
U18151,A028,Doctor,Oncology,2024-02-25,2025-04-02,False
U56015,A028,Nurse,Cardiology,2024-12-07,2025-03-19,True
U71389,A028,Nurse,Oncology,2024-05-08,2025-02-23,True
U44181,A028,Doctor,Cardiology,2024-01-12,2025-10-05,True
U29619,A028,Admin,ICU,2024-07-02,2025-02-02,False
U67466,A028,Nurse,ICU,2024-03-27,2025-11-04,True
U60157,A028,Doctor,Cardiology,2024-01-13,2025-07-18,True
U72817,A028,Admin,ER,2024-10-28,2025-11-24,True
U10696,A028,Doctor,Oncology,2024-02-04,2025-04-14,True
U57853,A028,Admin,Oncology,2024-04-27,2025-06-01,True
U81325,A028,Nurse,Cardiology,2024-02-20,2025-08-01,True
U77360,A028,Doctor,Radiology,2024-09-04,2025-11-30,True
U55849,A028,Admin,ER,2024-07-20,2025-12-03,True
U76382,A028,Nurse,Oncology,2024-08-06,2025-03-30,True
U36141,A028,Doctor,ICU,2024-04-10,2025-10-16,True
U81248,A028,Admin,ER,2024-09-08,2025-03-29,True
U72866,A028,Admin,Oncology,2024-09-14,2025-12-08,True
U38290,A028,Admin,Oncology,2024-03-14,2025-02-28,True
U81768,A028,Nurse,Cardiology,2024-07-09,2025-08-05,True
U97158,A028,Doctor,Cardiology,2024-10-30,2025-02-04,True
U18727,A029,Doctor,Oncology,2024-07-13,2025-05-04,True
U55274,A029,Nurse,ICU,2024-10-13,2025-03-05,True
U59034,A029,Admin,Radiology,2024-01-04,2025-12-12,False
U31597,A029,Doctor,ICU,2024-12-17,2025-02-20,True
U90025,A029,Admin,Oncology,2024-12-02,2025-02-16,True
U86614,A029,Doctor,ER,2024-07-30,2025-10-14,True
U14166,A029,Nurse,ER,2024-04-08,2025-10-04,False
U87382,A029,Nurse,Radiology,2024-02-16,2025-08-25,True
U19521,A029,Nurse,ICU,2024-01-16,2025-06-11,True
U38129,A029,Nurse,Cardiology,2024-04-15,2025-03-28,True
U35973,A029,Nurse,ER,2024-11-09,2025-06-02,True
U60358,A029,Admin,Oncology,2024-08-01,2025-04-24,False
U86280,A029,Nurse,Radiology,2024-11-28,2025-05-08,True
U66728,A029,Nurse,Oncology,2024-12-06,2025-04-02,True
U41611,A029,Doctor,ICU,2024-04-05,2025-04-14,True
U69962,A029,Doctor,Oncology,2024-06-13,2025-10-13,True
U76838,A029,Doctor,Radiology,2024-08-15,2025-12-09,True
U83045,A029,Doctor,Cardiology,2024-07-14,2025-09-11,True
U45325,A029,Nurse,ICU,2024-05-14,2025-06-29,True
U68648,A029,Admin,Oncology,2024-07-15,2025-03-20,True
U45755,A029,Nurse,Oncology,2024-05-17,2025-06-03,True
U41933,A029,Admin,ICU,2024-12-26,2025-06-22,True
U60740,A029,Nurse,Cardiology,2024-01-15,2025-11-25,True
U47409,A029,Doctor,ER,2024-06-22,2025-08-18,False
U64452,A029,Doctor,ER,2024-07-29,2025-04-05,True
U68540,A029,Nurse,Radiology,2024-08-23,2025-07-15,True
U23075,A029,Doctor,ER,2024-10-11,2025-02-06,True
U55114,A029,Admin,Oncology,2024-12-23,2025-05-28,True
U64871,A029,Admin,Cardiology,2024-11-29,2025-04-29,True
U28860,A029,Admin,ICU,2024-10-26,2025-09-13,True
U99880,A029,Nurse,ICU,2024-03-14,2025-04-29,True
U21109,A029,Nurse,ER,2024-04-23,2025-05-14,False
U70084,A029,Admin,ER,2024-08-04,2025-09-26,True
U76054,A030,Doctor,Oncology,2024-11-08,2025-09-17,True
U46534,A030,Doctor,ER,2024-10-04,2025-10-26,True
U38492,A030,Doctor,Oncology,2024-11-17,2025-10-12,False
U91338,A030,Admin,ICU,2024-09-14,2025-10-24,True
U93313,A030,Admin,Radiology,2024-07-27,2025-02-24,True
U62592,A030,Doctor,Oncology,2024-06-06,2025-06-10,True
U65842,A030,Doctor,ER,2024-01-28,2025-12-18,True
U42861,A030,Nurse,Cardiology,2024-01-16,2025-07-03,True
U54984,A030,Doctor,Radiology,2024-11-26,2025-04-21,True
U87851,A030,Doctor,Radiology,2024-04-20,2025-06-21,True
U59123,A030,Doctor,ICU,2024-05-01,2025-09-04,False
U72217,A030,Admin,ICU,2024-12-13,2025-10-29,True
U13340,A030,Admin,Oncology,2024-05-09,2025-10-16,True
U37951,A030,Admin,Oncology,2024-08-08,2025-05-01,False
U37506,A030,Admin,Cardiology,2024-11-06,2025-03-10,True
U50446,A030,Nurse,Radiology,2024-12-10,2025-08-01,True
U27960,A030,Admin,Cardiology,2024-01-05,2025-07-21,True
U74077,A030,Admin,Cardiology,2024-07-18,2025-01-29,False
U74734,A030,Nurse,Oncology,2024-06-08,2025-11-25,True
U80615,A030,Admin,ER,2024-10-09,2025-01-07,True
U66875,A030,Admin,Radiology,2024-02-20,2025-08-16,True
U69092,A030,Admin,ER,2024-06-15,2025-05-23,False
U10559,A030,Nurse,Radiology,2024-08-04,2025-01-02,True
U16984,A030,Doctor,ER,2024-02-25,2025-02-27,True
U64206,A030,Admin,ER,2024-12-23,2025-01-07,True
U83374,A030,Nurse,ICU,2024-08-10,2025-04-29,True
U96123,A030,Doctor,Cardiology,2024-01-21,2025-04-27,False
U31666,A030,Nurse,Radiology,2024-12-31,2025-04-02,False
U80974,A030,Nurse,Radiology,2024-07-19,2025-11-11,False
U89072,A030,Admin,ER,2024-08-01,2025-03-17,True
U55176,A030,Admin,Oncology,2024-03-27,2025-07-16,True
U83482,A030,Admin,ER,2024-10-09,2025-02-01,True
U39801,A030,Admin,Cardiology,2024-06-11,2025-06-04,True
U88519,A030,Admin,Radiology,2024-08-28,2025-10-25,True
U29589,A030,Nurse,Oncology,2024-05-18,2025-04-21,False
U10585,A030,Doctor,ICU,2024-06-02,2025-03-20,True
U38698,A030,Admin,Cardiology,2024-09-14,2025-07-02,True
U23510,A030,Nurse,Cardiology,2024-10-22,2025-06-14,False
U57632,A030,Nurse,Cardiology,2024-01-24,2025-04-06,True
U96817,A030,Admin,Oncology,2024-12-19,2025-09-23,True
U81372,A030,Nurse,ER,2024-09-18,2025-01-05,False
U87883,A030,Admin,Radiology,2024-12-05,2025-07-03,True
U86441,A031,Admin,Oncology,2024-01-30,2025-01-18,True
U23190,A031,Admin,Oncology,2024-12-31,2025-10-26,False
U11459,A031,Admin,Oncology,2024-08-02,2025-03-22,True
U94450,A031,Admin,ER,2024-07-01,2025-12-14,True
U86396,A031,Admin,Cardiology,2024-06-07,2025-02-17,True
U46718,A031,Doctor,ER,2024-05-31,2025-06-06,True
U95334,A031,Admin,Cardiology,2024-10-15,2025-03-17,True
U91751,A031,Admin,ICU,2024-11-07,2025-01-23,True
U17888,A031,Doctor,Radiology,2024-03-23,2025-06-24,False
U37486,A031,Nurse,Cardiology,2024-07-30,2025-12-19,True
U15678,A031,Nurse,Radiology,2024-04-30,2025-03-24,True
U21190,A031,Admin,Radiology,2024-11-22,2025-12-01,True
U10265,A031,Admin,Radiology,2024-01-12,2025-01-14,False
U18991,A031,Nurse,ER,2024-12-23,2025-12-04,True
U36828,A031,Doctor,ICU,2024-12-05,2025-09-06,True
U23237,A031,Admin,Cardiology,2024-11-26,2025-01-29,True
U74811,A031,Doctor,Radiology,2024-02-14,2025-06-01,True
U60609,A031,Doctor,Cardiology,2024-04-30,2025-10-29,True
U37202,A031,Doctor,Cardiology,2024-03-29,2025-09-04,False
U65425,A031,Admin,Oncology,2024-03-13,2025-10-26,False
U46911,A031,Doctor,ER,2024-08-26,2025-01-09,False
U75690,A031,Nurse,ER,2024-10-27,2025-11-05,False
U94488,A031,Admin,Cardiology,2024-01-05,2025-02-11,True
U11450,A031,Doctor,Radiology,2024-09-21,2025-08-08,True
U47375,A031,Nurse,ICU,2024-05-22,2025-12-25,True
U87191,A031,Doctor,ER,2024-12-29,2025-01-01,True
U77955,A031,Nurse,Oncology,2024-09-23,2025-07-04,False
U21948,A031,Admin,ICU,2024-03-19,2025-09-02,False
U80966,A031,Admin,Cardiology,2024-09-13,2025-12-25,False
U82317,A031,Nurse,Radiology,2024-02-17,2025-06-06,True
U34416,A031,Doctor,Radiology,2024-10-24,2025-01-31,True
U91370,A031,Doctor,ICU,2024-02-23,2025-12-25,True
U11295,A031,Doctor,Oncology,2024-06-11,2025-06-09,True
U82978,A032,Nurse,Radiology,2024-03-23,2025-05-01,False
U35084,A032,Doctor,Radiology,2024-02-19,2025-11-26,True
U89504,A032,Admin,Radiology,2024-10-18,2025-06-24,True
U75286,A032,Admin,ER,2024-08-26,2025-07-04,False
U16593,A032,Nurse,Cardiology,2024-04-18,2025-07-14,True
U56087,A032,Doctor,Radiology,2024-04-30,2025-11-08,True
U15372,A032,Nurse,Cardiology,2024-04-13,2025-02-12,True
U56332,A032,Admin,ER,2024-03-29,2025-07-22,True
U18069,A032,Nurse,Oncology,2024-08-14,2025-05-26,True
U74871,A032,Nurse,Radiology,2024-05-06,2025-12-17,True
U19180,A032,Admin,Cardiology,2024-09-25,2025-01-19,False
U80594,A032,Doctor,Radiology,2024-11-16,2025-02-10,True
U51127,A032,Nurse,ER,2024-10-22,2025-03-05,True
U83243,A032,Admin,ICU,2024-05-31,2025-07-30,True
U59235,A032,Admin,Oncology,2024-03-09,2025-02-17,False
U24322,A032,Doctor,ICU,2024-12-24,2025-09-23,True
U54836,A032,Admin,Oncology,2024-10-18,2025-08-15,False
U40467,A032,Admin,Cardiology,2024-02-12,2025-08-08,True
U20885,A032,Admin,Oncology,2024-02-18,2025-11-09,True
U74989,A032,Admin,ICU,2024-04-10,2025-03-09,True
U79615,A033,Nurse,Cardiology,2024-02-18,2025-06-15,True
U36348,A033,Nurse,Oncology,2024-06-02,2025-02-19,True
U42388,A033,Nurse,Cardiology,2024-06-18,2025-12-03,True
U72566,A033,Admin,ER,2024-07-01,2025-06-05,True
U69215,A033,Admin,Radiology,2024-03-26,2025-07-19,True
U48426,A033,Nurse,Oncology,2024-03-28,2025-10-10,True
U98161,A033,Nurse,Cardiology,2024-01-28,2025-11-09,True
U58073,A033,Doctor,Radiology,2024-07-17,2025-08-11,True
U71305,A033,Doctor,ICU,2024-03-25,2025-06-02,True
U17024,A033,Nurse,Oncology,2024-12-15,2025-10-09,True
U86770,A033,Nurse,ER,2024-11-14,2025-11-10,True
U20922,A033,Admin,Cardiology,2024-06-11,2025-02-19,True
U50908,A033,Nurse,Oncology,2024-02-03,2025-10-28,True
U83063,A033,Nurse,Radiology,2024-02-17,2025-04-05,True
U28649,A033,Admin,Radiology,2024-05-03,2025-05-12,True
U18337,A033,Admin,ER,2024-04-19,2025-11-16,False
U84584,A033,Nurse,ICU,2024-08-24,2025-01-04,True
U86785,A034,Nurse,ICU,2024-03-28,2025-05-20,False
U14739,A034,Admin,ER,2024-05-23,2025-03-19,True
U92353,A034,Doctor,Cardiology,2024-05-28,2025-07-21,True
U35880,A034,Admin,Radiology,2024-04-16,2025-03-19,True
U11283,A034,Doctor,ER,2024-08-05,2025-04-15,True
U72605,A034,Nurse,Radiology,2024-08-10,2025-12-29,True
U21395,A034,Nurse,ER,2024-03-09,2025-09-13,True
U43211,A034,Admin,Cardiology,2024-11-13,2025-07-28,False
U21847,A034,Admin,ICU,2024-08-06,2025-08-02,True
U10995,A034,Admin,Cardiology,2024-01-13,2025-05-30,True
U35499,A034,Nurse,Oncology,2024-04-13,2025-05-21,True
U29397,A034,Admin,ER,2024-10-05,2025-02-23,True
U54700,A034,Admin,Radiology,2024-02-09,2025-08-26,True
U99030,A034,Nurse,ICU,2024-12-22,2025-11-11,True
U71338,A034,Doctor,Oncology,2024-06-25,2025-02-20,True
U85855,A034,Nurse,Oncology,2024-04-28,2025-07-08,True
U49966,A034,Admin,Radiology,2024-08-07,2025-04-23,False
U82612,A034,Admin,ER,2024-12-28,2025-05-20,True
U43416,A034,Doctor,ICU,2024-01-26,2025-05-07,True
U33145,A034,Doctor,Oncology,2024-02-17,2025-06-25,True
U50962,A034,Nurse,ICU,2024-01-15,2025-09-02,True
U11497,A034,Doctor,ER,2024-01-21,2025-12-31,True
U84136,A034,Nurse,Radiology,2024-02-22,2025-08-21,True
U17750,A034,Nurse,ICU,2024-04-01,2025-02-08,False
U55210,A034,Doctor,Oncology,2024-05-21,2025-03-11,True
U30579,A034,Admin,Radiology,2024-09-13,2025-09-07,True
U24951,A034,Nurse,Oncology,2024-11-29,2025-08-28,True
U96326,A034,Admin,Cardiology,2024-04-24,2025-05-05,True
U51613,A034,Admin,Oncology,2024-10-15,2025-05-24,False
U79824,A034,Doctor,ICU,2024-06-28,2025-04-20,True
U99017,A034,Admin,ER,2024-04-05,2025-02-04,True
U51583,A034,Nurse,Oncology,2024-02-12,2025-06-22,True
U12943,A034,Nurse,ER,2024-02-10,2025-01-21,False
U18840,A034,Nurse,ICU,2024-03-23,2025-05-19,False
U60553,A034,Nurse,Oncology,2024-05-06,2025-07-06,True
U76639,A034,Doctor,Oncology,2024-02-22,2025-06-27,False
U33885,A034,Doctor,ER,2024-07-31,2025-01-13,True
U97996,A034,Nurse,Radiology,2024-08-13,2025-10-31,True
U36982,A034,Nurse,ER,2024-10-01,2025-06-07,False
U57165,A034,Admin,ER,2024-01-28,2025-09-09,True
U23243,A034,Admin,Cardiology,2024-01-05,2025-11-20,False
U72386,A034,Doctor,ICU,2024-04-30,2025-03-18,True
U42726,A034,Doctor,Oncology,2024-09-28,2025-10-01,True
U51836,A034,Nurse,Oncology,2024-08-03,2025-04-10,True
U55041,A034,Admin,ICU,2024-02-11,2025-01-07,True
U41189,A035,Admin,ICU,2024-06-26,2025-10-02,True
U56339,A035,Admin,ER,2024-07-04,2025-01-08,True
U83591,A035,Doctor,ER,2024-11-14,2025-08-31,True
U15457,A035,Doctor,Oncology,2024-05-07,2025-10-07,True
U73411,A035,Doctor,Cardiology,2024-01-28,2025-02-16,True
U84262,A035,Nurse,Oncology,2024-05-19,2025-06-12,False
U91497,A035,Nurse,Oncology,2024-08-27,2025-03-02,False
U11195,A035,Admin,Oncology,2024-03-11,2025-03-11,True
U88948,A035,Admin,ICU,2024-08-06,2025-05-24,True
U94194,A035,Nurse,Oncology,2024-05-03,2025-04-20,True
U91877,A035,Doctor,Cardiology,2024-06-22,2025-08-23,False
U94524,A035,Doctor,ER,2024-09-08,2025-01-31,True
U72436,A035,Admin,Oncology,2024-11-14,2025-12-11,True
U40867,A035,Nurse,Radiology,2024-12-08,2025-09-04,True
U30396,A035,Doctor,Oncology,2024-03-17,2025-07-22,True
U33898,A035,Nurse,Oncology,2024-04-17,2025-08-16,True
U32911,A035,Doctor,Oncology,2024-08-20,2025-06-07,True
U45599,A035,Nurse,Oncology,2024-01-09,2025-11-14,True
U79191,A035,Doctor,ER,2024-07-10,2025-10-21,True
U93296,A035,Nurse,ER,2024-06-09,2025-08-27,False
U38448,A035,Nurse,Cardiology,2024-10-09,2025-07-18,False
U11633,A035,Admin,ICU,2024-07-30,2025-08-25,True
U22946,A035,Doctor,ICU,2024-01-04,2025-12-15,True
U98746,A035,Doctor,Radiology,2024-10-01,2025-09-24,True
U17391,A035,Nurse,Cardiology,2024-03-07,2025-01-25,True
U10486,A035,Doctor,Oncology,2024-02-23,2025-09-15,True
U94240,A035,Doctor,Oncology,2024-12-11,2025-10-28,False
U61900,A035,Doctor,ICU,2024-09-17,2025-01-17,True
U30050,A035,Doctor,Cardiology,2024-11-28,2025-02-28,False
U33717,A035,Nurse,Radiology,2024-06-06,2025-04-13,True
U17208,A035,Nurse,Oncology,2024-09-25,2025-08-13,True
U39734,A035,Doctor,Radiology,2024-03-11,2025-03-15,True
U78492,A035,Admin,Cardiology,2024-01-16,2025-11-25,True
U42691,A035,Doctor,ER,2024-11-06,2025-02-03,True
U20289,A035,Nurse,ER,2024-12-08,2025-03-02,True
U78760,A035,Nurse,ICU,2024-04-24,2025-07-10,True
U23500,A035,Admin,Radiology,2024-08-15,2025-01-02,True
U43979,A035,Nurse,ICU,2024-12-31,2025-09-07,True
U58168,A035,Admin,ER,2024-04-30,2025-09-10,True
U22950,A035,Admin,ER,2024-10-23,2025-10-30,True
U20668,A035,Doctor,ER,2024-06-15,2025-08-19,True
U88119,A035,Admin,ER,2024-05-27,2025-10-25,False
U83439,A035,Nurse,Cardiology,2024-06-26,2025-01-23,True
U48451,A035,Doctor,ICU,2024-06-03,2025-10-15,True
U97535,A035,Admin,ER,2024-02-01,2025-09-26,True
U70665,A035,Nurse,Radiology,2024-07-02,2025-08-29,True
U31187,A035,Admin,Oncology,2024-03-14,2025-07-16,False
U34696,A036,Doctor,Radiology,2024-06-07,2025-05-31,True
U74330,A036,Admin,ER,2024-06-23,2025-04-06,False
U22416,A036,Nurse,Radiology,2024-12-07,2025-12-27,True
U18355,A036,Doctor,Radiology,2024-12-13,2025-01-20,True
U25744,A036,Doctor,Radiology,2024-05-16,2025-01-12,False
U49805,A036,Admin,ER,2024-07-11,2025-01-01,True
U63501,A036,Doctor,Radiology,2024-06-09,2025-12-28,True
U62509,A036,Admin,Cardiology,2024-01-25,2025-09-16,False
U77179,A036,Nurse,Oncology,2024-10-16,2025-12-12,True
U24535,A036,Doctor,Oncology,2024-05-11,2025-01-09,True
U36388,A036,Doctor,Cardiology,2024-02-14,2025-03-28,True
U31306,A036,Nurse,Oncology,2024-08-29,2025-09-14,True
U20414,A036,Admin,Radiology,2024-10-29,2025-05-05,False
U70457,A036,Doctor,Oncology,2024-11-05,2025-12-19,True
U35202,A036,Doctor,Cardiology,2024-08-28,2025-08-02,False
U29340,A036,Admin,Radiology,2024-04-21,2025-10-02,True
U44203,A036,Nurse,ER,2024-12-19,2025-03-21,False
U56003,A036,Nurse,ICU,2024-10-15,2025-07-04,True
U25757,A036,Doctor,ICU,2024-05-06,2025-01-19,False
U71222,A036,Admin,Radiology,2024-03-11,2025-05-30,True
U80444,A036,Admin,ICU,2024-01-10,2025-11-12,True
U29179,A036,Nurse,Oncology,2024-01-03,2025-07-20,True
U72217,A036,Admin,Radiology,2024-05-01,2025-02-20,True
U99038,A036,Doctor,ICU,2024-03-07,2025-04-25,False
U13408,A036,Admin,Radiology,2024-08-01,2025-07-18,True
U40272,A036,Doctor,Cardiology,2024-06-29,2025-02-12,False
U24039,A036,Admin,ER,2024-01-15,2025-01-10,False
U66422,A036,Doctor,Radiology,2024-06-07,2025-08-13,True
U69662,A036,Doctor,ER,2024-11-28,2025-05-04,True
U22737,A036,Doctor,ICU,2024-06-17,2025-12-12,True
U27951,A036,Nurse,Cardiology,2024-12-01,2025-02-18,False
U92757,A036,Doctor,Radiology,2024-03-03,2025-06-20,True
U33778,A036,Nurse,Oncology,2024-06-19,2025-05-11,True
U73693,A036,Doctor,Cardiology,2024-08-24,2025-02-14,False
U26822,A036,Admin,Cardiology,2024-03-11,2025-06-17,False
U49560,A036,Nurse,Radiology,2024-10-02,2025-05-03,False
U56085,A036,Doctor,Oncology,2024-04-27,2025-08-17,False
U61771,A036,Admin,Cardiology,2024-02-23,2025-01-04,True
U51678,A036,Doctor,ICU,2024-04-09,2025-08-14,True
U65476,A036,Nurse,Radiology,2024-01-18,2025-12-11,True
U87933,A036,Admin,ICU,2024-11-01,2025-06-25,True
U20279,A036,Doctor,ICU,2024-08-17,2025-07-11,False
U36090,A036,Doctor,Radiology,2024-05-22,2025-07-06,False
U20630,A036,Doctor,ICU,2024-07-21,2025-12-20,True
U84078,A036,Nurse,Cardiology,2024-09-28,2025-08-05,True
U90611,A036,Admin,ICU,2024-05-17,2025-04-13,True
U41313,A036,Admin,ICU,2024-07-07,2025-06-06,True
U74071,A036,Doctor,ICU,2024-07-08,2025-09-25,True
U10806,A036,Nurse,Radiology,2024-06-03,2025-06-07,True
U85699,A037,Admin,Radiology,2024-07-06,2025-06-18,True
U35295,A037,Admin,ICU,2024-04-19,2025-09-01,True
U18425,A037,Admin,Radiology,2024-01-28,2025-05-12,True
U12103,A037,Nurse,Oncology,2024-01-10,2025-10-05,True
U14476,A037,Admin,Cardiology,2024-04-30,2025-03-29,False
U68188,A037,Nurse,ICU,2024-05-15,2025-11-25,True
U66133,A037,Nurse,Radiology,2024-03-14,2026-01-01,True
U84419,A037,Admin,Oncology,2024-04-01,2025-04-02,False
U55835,A037,Doctor,ER,2024-09-30,2025-11-08,True
U91446,A037,Nurse,Cardiology,2024-03-23,2025-03-07,False
U54570,A037,Admin,ICU,2024-12-14,2025-11-01,True
U40594,A037,Admin,Radiology,2024-05-14,2025-10-01,True
U13366,A037,Admin,Oncology,2024-01-23,2025-03-19,True
U81254,A037,Nurse,Radiology,2024-09-17,2025-09-18,True
U93109,A037,Doctor,Radiology,2024-03-25,2025-06-01,True
U60315,A037,Admin,ER,2024-06-12,2025-03-31,True
U84131,A037,Doctor,ICU,2024-06-22,2025-01-17,True
U74651,A037,Admin,ICU,2024-07-20,2025-02-03,True
U97994,A037,Doctor,Oncology,2024-02-25,2025-10-22,True
U40706,A037,Nurse,Oncology,2024-09-22,2025-07-18,False
U89368,A037,Admin,Oncology,2024-03-06,2025-06-09,True
U34541,A037,Admin,Radiology,2024-09-26,2025-06-17,True
U12381,A037,Admin,Oncology,2024-05-23,2025-09-19,True
U28303,A037,Admin,Oncology,2024-04-02,2025-11-25,True
U25380,A037,Admin,Cardiology,2024-06-21,2025-01-26,False
U90829,A037,Doctor,ICU,2024-02-10,2025-11-23,True
U28859,A037,Admin,ER,2024-11-14,2025-06-06,True
U49797,A037,Nurse,ER,2024-10-09,2025-11-01,True
U28339,A037,Admin,Oncology,2024-03-01,2025-09-01,True
U61971,A038,Doctor,ER,2024-03-20,2025-11-09,True
U27137,A038,Nurse,Cardiology,2024-11-08,2025-01-31,False
U56194,A038,Doctor,ICU,2024-11-09,2025-07-03,True
U10751,A038,Nurse,ICU,2024-05-09,2025-12-29,False
U38368,A038,Nurse,ICU,2024-02-06,2025-02-15,True
U61529,A038,Admin,ICU,2024-08-09,2025-05-23,True
U56787,A038,Nurse,Cardiology,2024-04-12,2025-04-09,False
U70119,A038,Nurse,ICU,2024-01-05,2025-04-04,True
U35915,A038,Nurse,Cardiology,2024-08-03,2025-09-11,True
U90331,A038,Admin,Radiology,2024-10-12,2025-07-08,False
U19359,A038,Doctor,Oncology,2024-04-03,2025-07-06,True
U16354,A038,Admin,Cardiology,2024-04-13,2025-06-03,False
U21683,A038,Doctor,Oncology,2024-02-03,2025-11-01,True
U30148,A038,Admin,ER,2024-09-01,2025-12-04,False
U16040,A038,Admin,ER,2024-01-04,2025-07-27,True
U46029,A038,Nurse,Cardiology,2024-01-18,2025-07-23,False
U87057,A038,Admin,ER,2024-09-09,2025-12-10,True
U54667,A038,Nurse,ER,2024-04-10,2025-10-22,True
U54966,A038,Admin,Oncology,2024-11-25,2025-02-07,True
U24091,A038,Admin,ICU,2024-07-20,2025-11-15,False
U64771,A038,Nurse,ICU,2024-01-24,2025-12-20,False
U15149,A038,Doctor,Oncology,2024-07-07,2025-06-19,True
U86044,A038,Nurse,Radiology,2024-05-11,2025-11-03,False
U52113,A038,Admin,ICU,2024-09-02,2025-10-17,True
U70371,A038,Nurse,ICU,2024-01-18,2025-03-22,True
U34199,A038,Admin,ER,2024-04-23,2025-12-11,True
U88129,A038,Nurse,Oncology,2024-08-20,2025-10-06,True
U40926,A038,Admin,Oncology,2024-12-23,2025-04-20,False
U75417,A038,Admin,ER,2024-04-29,2025-01-23,True
U11927,A038,Admin,ICU,2024-08-31,2025-09-24,True
U59670,A038,Doctor,Cardiology,2024-11-15,2025-08-15,True
U46607,A038,Admin,Radiology,2024-05-19,2025-06-17,True
U75216,A038,Nurse,ICU,2024-07-15,2025-11-15,True
U70333,A038,Nurse,ICU,2024-04-09,2025-10-26,False
U21854,A038,Doctor,Radiology,2024-02-20,2025-02-19,True
U83496,A038,Nurse,ICU,2024-11-05,2025-07-31,False
U69728,A038,Nurse,ICU,2024-12-29,2025-08-12,True
U46721,A038,Admin,ER,2024-01-25,2025-06-07,True
U41495,A038,Nurse,Cardiology,2024-11-06,2025-09-29,False
U45153,A038,Admin,ER,2024-05-04,2025-09-11,True
U37772,A038,Nurse,ER,2024-06-28,2025-07-18,True
U23896,A038,Doctor,Cardiology,2024-12-06,2025-01-14,True
U87344,A038,Admin,Radiology,2024-10-18,2025-09-09,True
U49166,A038,Nurse,ER,2024-04-27,2025-09-18,False
U46129,A039,Doctor,Cardiology,2024-09-22,2025-04-08,True
U72534,A039,Doctor,Oncology,2024-01-06,2025-08-08,True
U22161,A039,Admin,Radiology,2024-04-30,2025-08-08,True
U75885,A039,Admin,Oncology,2024-02-22,2025-09-27,True
U59576,A039,Nurse,ICU,2024-06-24,2025-02-17,False
U60444,A039,Doctor,ER,2024-06-03,2025-02-03,True
U47675,A039,Doctor,Oncology,2024-02-29,2025-03-18,True
U96288,A039,Admin,Cardiology,2024-10-30,2025-10-15,True
U57097,A039,Admin,Cardiology,2024-08-13,2025-07-30,True
U56479,A039,Nurse,Cardiology,2024-10-25,2025-11-06,True
U58849,A039,Nurse,Oncology,2024-02-08,2025-12-14,True
U36487,A039,Doctor,ICU,2024-09-22,2025-07-28,True
U99609,A039,Admin,ICU,2024-01-28,2025-09-28,True
U51108,A039,Nurse,ICU,2024-12-10,2025-08-07,False
U19812,A039,Doctor,Cardiology,2024-11-26,2025-02-11,False
U17256,A039,Admin,ER,2024-10-31,2025-03-13,True
U16565,A039,Nurse,Cardiology,2024-01-15,2025-07-11,True
U60933,A039,Admin,Radiology,2024-07-26,2025-11-07,False
U19024,A039,Admin,Radiology,2024-09-27,2025-04-11,True
U80878,A039,Doctor,Cardiology,2024-04-03,2025-02-28,False
U72959,A039,Admin,Radiology,2024-09-03,2025-03-26,True
U98182,A039,Doctor,Oncology,2024-05-11,2025-02-09,True
U73739,A039,Nurse,ICU,2024-03-25,2025-12-06,True
U19988,A039,Nurse,ICU,2024-06-15,2025-01-03,True
U40916,A039,Doctor,Oncology,2024-02-20,2025-03-05,False
U29759,A039,Nurse,ICU,2024-01-20,2025-11-18,True
U34655,A039,Admin,Oncology,2024-11-27,2025-05-17,True
U27430,A039,Nurse,ICU,2024-06-13,2025-08-29,True
U48800,A039,Nurse,ICU,2024-10-31,2025-04-03,True
U53766,A039,Admin,Radiology,2024-12-13,2025-12-16,True
U36713,A039,Admin,ER,2024-10-18,2025-01-09,True
U33925,A039,Admin,ER,2024-12-14,2025-06-12,False
U68702,A039,Admin,ICU,2024-10-01,2025-04-05,False
U74034,A039,Doctor,Cardiology,2024-12-16,2025-01-04,True
U61115,A040,Admin,ER,2024-08-13,2025-01-04,True
U80926,A040,Doctor,ICU,2024-08-31,2025-08-25,True
U24331,A040,Nurse,Cardiology,2024-07-24,2025-09-18,True
U16371,A040,Nurse,ICU,2024-11-01,2025-03-06,True
U33704,A040,Admin,Oncology,2024-02-10,2025-05-25,False
U98355,A040,Nurse,ER,2024-10-09,2025-06-01,False
U74586,A040,Admin,Radiology,2024-03-31,2025-05-15,True
U99405,A040,Nurse,ER,2024-01-02,2025-07-18,False
U39831,A040,Nurse,ER,2024-12-23,2025-07-07,False
U94011,A040,Admin,Oncology,2024-01-06,2025-12-13,True
U29912,A040,Doctor,Oncology,2024-03-16,2025-09-12,False
U58691,A040,Doctor,Radiology,2024-08-01,2025-07-18,False
U66816,A040,Doctor,Radiology,2024-07-27,2025-07-27,True
U22954,A040,Admin,Radiology,2024-03-28,2025-07-18,False
U79081,A040,Admin,ER,2024-10-31,2025-09-14,True
U49211,A040,Nurse,ER,2024-06-15,2025-10-04,True
U17022,A040,Admin,ICU,2024-09-26,2025-01-15,True
U59990,A040,Nurse,Oncology,2024-04-09,2025-05-03,True
U83653,A040,Doctor,ICU,2024-04-25,2025-10-07,True
U57204,A040,Nurse,ICU,2024-11-24,2025-04-23,True
U18683,A040,Admin,ICU,2024-03-24,2025-05-28,True
U38857,A040,Nurse,Oncology,2024-09-26,2025-12-10,True
U10107,A040,Admin,ER,2024-10-14,2025-02-13,True
U71212,A040,Doctor,ER,2024-09-04,2025-10-02,True
U94715,A040,Admin,ICU,2024-07-18,2025-01-26,True
U25305,A040,Doctor,Radiology,2024-08-20,2025-10-17,True
U46695,A040,Admin,ER,2024-07-29,2025-06-28,True
U47922,A040,Nurse,Oncology,2024-08-27,2025-12-28,True
U53644,A040,Admin,Cardiology,2024-05-10,2025-09-30,False
U12110,A040,Admin,Cardiology,2024-09-18,2025-01-06,True
U62304,A040,Admin,Oncology,2024-08-08,2025-03-09,True
U17717,A040,Doctor,Radiology,2024-07-15,2025-02-16,True
U41034,A040,Admin,Oncology,2024-01-30,2025-11-11,True
U21570,A040,Nurse,ER,2024-02-07,2025-08-02,True
U65351,A040,Doctor,Radiology,2024-03-14,2025-11-16,True
U18951,A040,Nurse,Radiology,2024-05-24,2025-04-19,True
U34066,A040,Doctor,Radiology,2024-02-25,2025-04-22,True
U63759,A040,Nurse,Radiology,2024-11-21,2025-03-28,True
U67742,A040,Nurse,ICU,2024-12-19,2025-03-12,True
U83834,A040,Doctor,Oncology,2024-04-19,2025-01-31,False
U35490,A040,Nurse,Radiology,2024-07-09,2025-05-08,True
U99015,A040,Doctor,ICU,2024-07-26,2025-03-06,False
U53255,A040,Admin,Cardiology,2024-07-22,2025-01-04,False
U49369,A040,Admin,ICU,2024-02-14,2025-05-12,False
U37383,A041,Admin,Cardiology,2024-12-01,2025-01-08,False
U51549,A041,Doctor,Cardiology,2024-06-10,2025-05-18,True
U42912,A041,Nurse,Radiology,2024-12-14,2025-08-18,True
U61203,A041,Nurse,ICU,2024-02-23,2025-02-13,True
U64159,A041,Nurse,ER,2024-01-24,2025-12-31,True
U32675,A041,Admin,Oncology,2024-08-29,2025-05-07,True
U82522,A041,Admin,Radiology,2024-12-01,2025-07-13,True
U38292,A041,Admin,ICU,2024-03-03,2025-07-30,True
U16125,A041,Doctor,Radiology,2024-11-21,2025-08-05,False
U64603,A041,Admin,ER,2024-04-23,2025-05-26,True
U24082,A041,Doctor,Oncology,2024-07-12,2025-06-28,True
U40424,A041,Admin,Oncology,2024-10-14,2025-12-10,False
U92728,A041,Doctor,Radiology,2024-02-24,2025-10-31,True
U28479,A041,Doctor,ICU,2024-11-08,2025-08-16,True
U33697,A041,Nurse,Cardiology,2024-03-03,2025-10-17,False
U51821,A041,Doctor,Radiology,2024-12-12,2025-08-09,True
U90318,A041,Nurse,Radiology,2024-06-15,2025-07-13,True
U92675,A041,Doctor,Cardiology,2024-01-19,2025-09-13,True
U99811,A041,Doctor,ICU,2024-03-17,2025-08-21,False
U61409,A041,Admin,Cardiology,2024-02-24,2025-11-09,False
U55911,A041,Doctor,Oncology,2024-10-13,2025-04-26,True
U91933,A041,Doctor,Cardiology,2024-09-22,2025-02-27,True
U32726,A041,Doctor,Oncology,2024-06-17,2025-11-11,False
U97375,A041,Doctor,Cardiology,2024-10-11,2025-07-29,True
U52237,A041,Doctor,ER,2024-01-24,2025-08-15,True
U51098,A041,Doctor,ICU,2024-10-09,2025-07-23,True
U42251,A041,Nurse,ER,2024-02-08,2025-04-02,False
U52223,A041,Admin,Radiology,2024-05-12,2025-12-18,True
U58722,A041,Doctor,Oncology,2024-04-26,2025-02-15,False
U57817,A041,Doctor,Oncology,2024-01-08,2025-11-27,True
U61661,A041,Admin,Radiology,2024-12-31,2025-09-19,False
U22879,A041,Doctor,ER,2024-01-11,2025-08-20,True
U46863,A041,Nurse,Cardiology,2024-11-26,2025-07-24,False
U45342,A041,Nurse,Radiology,2024-11-19,2025-03-03,False
U21445,A042,Admin,ICU,2024-11-27,2025-05-14,True
U50750,A042,Nurse,ICU,2024-08-18,2025-05-10,True
U68927,A042,Doctor,Cardiology,2024-07-30,2025-08-03,True
U10967,A042,Nurse,Cardiology,2024-02-25,2025-10-23,True
U83444,A042,Nurse,ICU,2024-03-28,2025-09-16,False
U40924,A042,Doctor,ER,2024-02-11,2025-09-06,True
U65456,A042,Doctor,Cardiology,2024-04-03,2025-03-10,True
U29777,A042,Admin,ICU,2024-10-06,2025-12-31,True
U84030,A042,Admin,Cardiology,2024-02-14,2025-04-09,True
U36646,A042,Doctor,ER,2024-10-25,2025-07-05,True
U12457,A042,Admin,Cardiology,2024-12-17,2025-06-22,True
U40947,A042,Nurse,ER,2024-03-16,2025-04-19,True
U23066,A042,Doctor,Oncology,2024-01-16,2025-07-15,True
U10504,A042,Nurse,Cardiology,2024-04-01,2025-05-27,False
U83055,A042,Nurse,Radiology,2024-12-02,2025-09-24,True
U56470,A042,Doctor,Oncology,2024-09-28,2025-04-25,True
U93195,A042,Admin,ER,2024-08-05,2025-11-22,True
U26173,A042,Admin,Radiology,2024-12-15,2025-04-02,False
U86198,A042,Doctor,Radiology,2024-01-21,2025-09-13,False
U99455,A042,Admin,Radiology,2024-07-30,2025-01-27,True
U21329,A042,Doctor,ER,2024-07-30,2025-03-05,True
U19823,A042,Doctor,Cardiology,2024-02-25,2025-11-26,False
U29358,A042,Doctor,ICU,2024-03-22,2025-12-28,True
U35643,A042,Nurse,Cardiology,2024-08-08,2025-12-17,True
U13829,A042,Nurse,ICU,2024-10-27,2025-03-03,False
U97067,A042,Admin,Oncology,2024-06-26,2025-10-16,True
U97629,A042,Admin,Radiology,2024-02-02,2025-09-15,False
U83837,A042,Doctor,Radiology,2024-06-27,2025-10-08,False
U38250,A042,Doctor,ER,2024-07-10,2025-03-25,True
U26014,A042,Nurse,Oncology,2024-01-11,2025-03-21,True
U43392,A042,Admin,Oncology,2024-07-15,2025-03-04,False
U73326,A042,Admin,Radiology,2024-09-10,2025-10-17,True
U55349,A042,Doctor,ICU,2024-07-15,2025-04-20,True
U70933,A042,Doctor,Radiology,2024-02-05,2025-09-28,True
U60513,A042,Doctor,Cardiology,2024-03-31,2025-08-27,False
U45878,A042,Doctor,Oncology,2024-10-21,2025-07-11,False
U42608,A042,Doctor,Oncology,2024-06-05,2025-11-16,True
U95888,A042,Doctor,ICU,2024-11-18,2025-02-08,True
U76780,A043,Admin,Cardiology,2024-05-10,2025-11-11,True
U72000,A043,Admin,Oncology,2024-11-26,2025-09-29,True
U80590,A043,Doctor,ER,2024-07-09,2025-12-08,True
U63215,A043,Doctor,Cardiology,2024-02-09,2025-03-14,True
U36326,A043,Nurse,Oncology,2024-01-16,2025-05-15,True
U38615,A043,Doctor,Oncology,2024-12-07,2025-08-31,True
U24224,A043,Doctor,ICU,2024-06-16,2025-09-27,False
U56943,A043,Nurse,ER,2024-02-21,2025-06-20,True
U74421,A043,Nurse,ER,2024-08-26,2025-09-30,True
U31166,A043,Doctor,Cardiology,2024-02-27,2025-07-25,True
U96849,A043,Nurse,Radiology,2024-06-22,2025-02-03,True
U75615,A043,Admin,Radiology,2024-10-01,2025-09-10,True
U85198,A043,Admin,Cardiology,2024-12-14,2025-12-07,True
U44620,A043,Nurse,Cardiology,2024-10-12,2025-06-26,False
U36530,A043,Nurse,Radiology,2024-01-29,2025-08-18,False
U67364,A043,Nurse,ER,2024-06-02,2025-02-26,True
U38994,A043,Doctor,Cardiology,2024-12-01,2025-01-08,True
U52839,A043,Admin,ER,2024-03-13,2025-07-13,False
U62247,A043,Doctor,ICU,2024-03-08,2025-05-15,True
U36789,A043,Nurse,ICU,2024-06-07,2025-05-24,True
U52979,A043,Admin,ICU,2024-07-09,2025-08-13,True
U59448,A043,Nurse,Radiology,2024-05-09,2025-10-02,False
U52839,A043,Nurse,Radiology,2024-10-18,2025-05-01,True
U75667,A043,Nurse,ICU,2024-03-22,2025-07-14,True
U58999,A043,Nurse,ER,2024-06-03,2025-04-12,True
U65097,A043,Doctor,ER,2024-03-29,2025-10-17,True
U28254,A043,Doctor,ICU,2024-01-28,2025-10-08,True
U93227,A044,Admin,ER,2024-11-06,2025-10-02,True
U61002,A044,Admin,ER,2024-09-27,2025-05-10,False
U43231,A044,Admin,Radiology,2024-07-12,2025-10-26,True
U11387,A044,Nurse,Oncology,2024-10-30,2025-03-11,True
U37973,A044,Nurse,Oncology,2024-01-23,2025-05-10,True
U19665,A044,Doctor,ER,2024-09-01,2025-03-22,False
U98663,A044,Nurse,Oncology,2024-10-11,2025-08-28,False
U89591,A044,Doctor,ICU,2024-09-23,2025-12-02,True
U58967,A044,Nurse,Radiology,2024-12-04,2025-12-14,True
U28172,A044,Admin,Radiology,2024-04-26,2025-06-16,True
U41529,A044,Doctor,Oncology,2024-07-31,2025-02-17,True
U14403,A044,Doctor,ER,2024-04-18,2025-08-27,False
U23763,A044,Doctor,Oncology,2024-07-04,2025-02-07,True
U25810,A044,Admin,Radiology,2024-09-10,2025-03-12,True
U24432,A044,Nurse,Cardiology,2024-04-28,2025-07-05,True
U80361,A044,Admin,Radiology,2024-09-27,2025-06-25,True
U78725,A044,Admin,Oncology,2024-08-18,2025-12-10,True
U70495,A044,Nurse,ICU,2024-11-16,2025-04-06,True
U55811,A044,Doctor,ICU,2024-06-04,2025-05-05,False
U75622,A044,Doctor,Oncology,2024-04-26,2025-07-20,True
U89399,A044,Doctor,Cardiology,2024-07-07,2025-09-01,True
U56037,A044,Admin,Oncology,2024-10-03,2025-06-15,False
U36573,A044,Admin,Oncology,2024-01-01,2025-10-24,False
U87078,A044,Nurse,Radiology,2024-07-30,2025-04-01,True
U36950,A044,Nurse,Oncology,2024-01-16,2025-07-03,True
U95006,A044,Nurse,Oncology,2024-05-12,2025-10-11,True
U93152,A044,Nurse,Oncology,2024-03-11,2025-01-25,False
U92256,A045,Nurse,ICU,2024-10-27,2025-03-09,True
U72782,A045,Nurse,ICU,2024-06-26,2025-07-19,True
U82407,A045,Doctor,Oncology,2024-02-01,2025-03-14,True
U69751,A045,Nurse,Oncology,2024-08-24,2025-11-12,True
U89251,A045,Admin,Cardiology,2024-10-23,2025-10-13,False
U92045,A045,Admin,ICU,2024-08-11,2025-11-16,False
U80541,A045,Admin,Radiology,2024-12-07,2025-04-19,True
U65371,A045,Nurse,Cardiology,2024-11-27,2025-01-23,True
U44609,A045,Admin,Cardiology,2024-01-08,2025-03-31,False
U20096,A045,Doctor,Oncology,2024-08-31,2025-08-11,True
U82975,A045,Doctor,Oncology,2024-07-19,2025-09-10,True
U34651,A046,Admin,ER,2024-08-12,2025-03-02,False
U21534,A046,Nurse,ICU,2024-11-02,2025-03-25,False
U18205,A046,Doctor,ICU,2024-07-06,2025-07-12,True
U87007,A046,Doctor,Radiology,2024-02-19,2025-07-22,False
U56561,A046,Nurse,ICU,2024-04-14,2025-10-09,True
U55007,A046,Admin,ER,2024-07-14,2025-02-17,False
U66153,A046,Nurse,Oncology,2024-05-10,2025-08-14,False
U44882,A046,Nurse,ER,2024-02-01,2025-05-10,True
U54130,A046,Admin,Cardiology,2024-06-20,2025-07-13,True
U60496,A046,Admin,Cardiology,2024-02-16,2025-08-14,True
U28849,A046,Nurse,Radiology,2024-08-28,2025-05-22,True
U18699,A046,Nurse,Cardiology,2024-11-13,2025-01-06,True
U60513,A046,Admin,Cardiology,2024-09-24,2025-07-26,True
U64879,A046,Doctor,ER,2024-10-15,2025-12-30,True
U12412,A046,Nurse,Radiology,2024-09-14,2025-03-05,True
U87879,A046,Nurse,ER,2024-07-09,2025-01-21,True
U45203,A046,Admin,Cardiology,2024-01-02,2025-12-18,True
U40161,A046,Nurse,ICU,2024-06-29,2025-12-18,False
U29713,A046,Admin,Radiology,2024-07-05,2025-02-10,True
U52715,A046,Doctor,Cardiology,2024-11-25,2025-12-04,True
U87943,A046,Admin,Cardiology,2024-02-23,2025-01-10,True
U73901,A046,Admin,Oncology,2024-04-06,2025-12-01,False
U91963,A046,Admin,Cardiology,2024-09-03,2025-12-08,False
U62999,A046,Nurse,ER,2024-04-15,2025-12-31,False
U95720,A046,Doctor,ICU,2024-03-26,2025-12-18,True
U53816,A046,Doctor,Radiology,2024-09-11,2025-03-12,True
U34429,A046,Doctor,ER,2024-05-27,2025-07-02,True
U16700,A046,Doctor,Radiology,2024-11-04,2025-12-03,True
U96779,A046,Admin,Cardiology,2024-08-04,2025-05-25,True
U80645,A046,Admin,Cardiology,2024-03-18,2025-04-01,True
U78189,A046,Admin,ICU,2024-07-16,2025-06-30,True
U99633,A046,Doctor,Radiology,2024-01-29,2025-01-23,False
U19703,A046,Nurse,ICU,2024-02-11,2025-02-13,False
U94690,A046,Doctor,ER,2024-06-23,2025-10-24,True
U13303,A046,Nurse,Cardiology,2024-12-25,2025-05-20,True
U97585,A046,Doctor,Oncology,2024-03-02,2025-09-22,True
U33186,A046,Admin,Cardiology,2024-03-30,2025-05-13,True
U18655,A046,Admin,ICU,2024-08-29,2025-02-06,False
U52521,A046,Doctor,Oncology,2024-04-10,2025-12-03,False
U98952,A046,Admin,ICU,2024-06-13,2025-11-28,True
U93115,A046,Doctor,Oncology,2024-11-16,2025-06-11,True
U80815,A046,Doctor,Oncology,2024-07-25,2025-05-26,True
U72903,A046,Doctor,Oncology,2024-09-16,2025-04-28,True
U82190,A046,Doctor,Radiology,2024-07-04,2025-01-31,True
U93310,A047,Admin,ER,2024-03-02,2025-10-11,True
U96679,A047,Admin,Radiology,2024-12-23,2025-01-22,False
U28885,A047,Nurse,ER,2024-06-19,2025-01-02,True
U77149,A047,Nurse,Oncology,2024-06-01,2025-02-08,True
U57231,A047,Nurse,ICU,2024-01-28,2025-08-09,True
U75872,A047,Nurse,ER,2024-06-14,2025-08-14,True
U93164,A047,Nurse,ER,2024-04-28,2025-11-15,True
U27558,A047,Doctor,Cardiology,2024-05-11,2025-03-30,True
U79876,A047,Admin,ER,2024-05-31,2025-03-25,False
U58029,A047,Nurse,Cardiology,2024-09-21,2025-12-02,True
U33542,A047,Nurse,Oncology,2024-01-08,2025-08-08,True
U71514,A047,Nurse,ICU,2024-05-25,2025-01-22,True
U79922,A047,Nurse,ER,2024-03-27,2025-06-14,True
U78616,A047,Admin,Radiology,2024-10-30,2025-07-02,True
U57042,A047,Doctor,Cardiology,2024-02-26,2025-11-20,True
U70408,A047,Doctor,Oncology,2024-04-04,2025-07-12,True
U63384,A047,Admin,Oncology,2024-09-11,2025-10-07,True
U80170,A047,Admin,ER,2024-10-21,2025-07-25,True
U50791,A047,Doctor,ICU,2024-01-19,2025-02-12,True
U62807,A047,Nurse,ICU,2024-04-11,2025-07-01,False
U76628,A047,Nurse,ER,2024-02-22,2025-10-20,True
U16440,A047,Admin,Oncology,2024-12-05,2025-12-01,True
U53875,A047,Doctor,ICU,2024-01-26,2025-04-14,True
U67333,A047,Doctor,Oncology,2024-09-25,2025-04-23,True
U35255,A047,Admin,Radiology,2024-04-22,2025-11-21,True
U94814,A048,Nurse,Oncology,2024-12-08,2025-12-24,True
U87859,A048,Nurse,ER,2024-10-29,2025-02-18,True
U15753,A048,Nurse,ER,2024-09-27,2025-10-15,True
U94051,A048,Admin,ICU,2024-10-24,2025-12-23,True
U43729,A048,Admin,Oncology,2024-08-15,2025-03-25,True
U87521,A048,Admin,ICU,2024-07-20,2025-06-06,False
U27467,A048,Doctor,ER,2024-01-04,2025-01-26,True
U23792,A048,Admin,ER,2024-12-23,2025-10-28,False
U10356,A048,Doctor,Radiology,2024-09-26,2025-10-21,False
U83567,A048,Admin,Oncology,2024-07-02,2025-07-06,True
U29907,A048,Admin,Cardiology,2024-09-14,2025-08-30,True
U32392,A048,Admin,Radiology,2024-04-07,2025-07-29,True
U16122,A048,Doctor,ER,2024-03-15,2025-01-29,True
U51385,A048,Nurse,Oncology,2024-04-14,2025-11-03,True
U19520,A048,Doctor,Cardiology,2024-08-28,2025-10-28,True
U86274,A048,Doctor,Oncology,2024-09-30,2025-04-14,True
U21435,A048,Admin,Cardiology,2024-12-27,2025-05-26,True
U87600,A048,Doctor,Oncology,2024-07-15,2025-06-17,True
U71264,A048,Doctor,Oncology,2024-09-25,2025-03-09,False
U66890,A048,Doctor,Radiology,2024-03-22,2025-04-27,False
U50439,A048,Nurse,ICU,2024-02-20,2025-11-13,True
U60000,A048,Doctor,ICU,2024-10-06,2025-07-23,True
U73313,A048,Doctor,Oncology,2024-12-04,2025-03-31,False
U44047,A048,Nurse,Radiology,2024-04-24,2025-12-26,True
U87503,A048,Nurse,Cardiology,2024-07-22,2025-12-29,True
U62417,A048,Admin,Cardiology,2024-10-04,2025-04-23,True
U63050,A048,Doctor,Cardiology,2024-08-12,2025-05-28,True
U74234,A048,Nurse,Radiology,2024-09-07,2025-09-02,True
U95174,A048,Doctor,Oncology,2024-08-07,2025-10-22,True
U22984,A048,Admin,Radiology,2024-02-22,2025-12-19,True
U31895,A048,Admin,Oncology,2024-11-14,2025-03-28,True
U27223,A048,Doctor,Cardiology,2024-12-22,2025-10-07,False
U79977,A048,Nurse,Cardiology,2024-06-04,2025-11-20,True
U83727,A048,Nurse,Oncology,2024-04-10,2025-05-06,False
U78008,A048,Admin,Radiology,2024-07-12,2025-08-24,False
U50681,A048,Admin,ICU,2024-03-08,2025-08-30,True
U94155,A048,Doctor,ICU,2024-08-17,2025-08-06,False
U15816,A048,Nurse,Oncology,2024-05-04,2025-11-01,False
U24954,A048,Doctor,Radiology,2024-02-12,2025-01-06,True
U34301,A048,Nurse,ICU,2024-02-28,2025-05-20,True
U95943,A048,Nurse,ER,2024-12-31,2025-12-31,True
U80592,A048,Doctor,Radiology,2024-09-11,2025-07-14,True
U65471,A048,Doctor,ER,2024-08-22,2025-12-18,True
U96119,A048,Nurse,Cardiology,2024-09-23,2025-06-17,False
U59503,A048,Admin,Oncology,2024-12-09,2025-10-06,True
U72424,A049,Doctor,ICU,2024-12-03,2025-02-13,True
U74560,A049,Nurse,ICU,2024-07-31,2025-11-03,True
U42162,A049,Nurse,Oncology,2024-02-29,2025-11-28,True
U90698,A049,Admin,ER,2024-02-24,2025-09-25,True
U52149,A049,Admin,ICU,2024-11-01,2025-03-18,False
U15365,A049,Nurse,ICU,2024-05-10,2025-11-16,True
U92510,A049,Doctor,Cardiology,2024-05-20,2025-10-30,False
U32591,A049,Admin,ER,2024-08-14,2025-11-01,False
U17429,A049,Nurse,ER,2024-06-30,2025-09-15,True
U72122,A049,Nurse,Cardiology,2024-12-04,2025-04-26,False
U64450,A049,Nurse,Cardiology,2024-10-13,2025-03-04,False
U37457,A049,Doctor,ICU,2024-01-02,2025-10-16,True
U88659,A049,Admin,Cardiology,2024-03-28,2025-08-27,False
U98927,A049,Doctor,Cardiology,2024-09-27,2025-11-25,True
U31327,A049,Nurse,ER,2024-03-03,2025-12-03,False
U81424,A049,Nurse,Oncology,2024-01-16,2025-03-19,True
U45511,A049,Nurse,Radiology,2024-11-10,2025-04-10,True
U66690,A049,Nurse,Radiology,2024-10-27,2025-11-03,True
U32981,A049,Nurse,ICU,2024-10-16,2025-06-12,True
U28235,A049,Doctor,ER,2024-09-03,2025-11-03,False
U92366,A049,Admin,ER,2024-09-24,2025-08-15,False
U85418,A049,Admin,Cardiology,2024-12-22,2025-08-16,True
U76544,A049,Nurse,Cardiology,2024-04-30,2025-06-12,True
U33939,A049,Doctor,Oncology,2024-02-03,2025-05-21,True
U21548,A049,Admin,Oncology,2024-12-04,2025-12-08,True
U68664,A049,Nurse,Radiology,2024-08-28,2025-02-05,False
U15638,A049,Doctor,Radiology,2024-02-16,2025-03-19,True
U19224,A049,Admin,Cardiology,2024-04-25,2025-02-08,True
U52436,A049,Admin,ICU,2024-09-27,2025-01-05,False
U51247,A049,Admin,Radiology,2024-09-23,2025-07-21,False
U89929,A049,Doctor,Cardiology,2024-11-27,2025-10-19,True
U26056,A049,Nurse,ICU,2024-09-01,2025-01-05,False
U95599,A049,Admin,Radiology,2024-11-01,2025-05-31,True
U88255,A049,Nurse,ER,2024-12-19,2025-06-20,True
U37334,A049,Doctor,ICU,2024-12-07,2025-09-03,True
U32430,A049,Nurse,Cardiology,2024-03-22,2025-11-14,True
U20151,A049,Doctor,Cardiology,2024-03-05,2025-11-20,True
U84445,A049,Nurse,ER,2024-03-03,2025-06-20,True
U65020,A049,Doctor,Radiology,2024-02-01,2025-02-02,False
U60341,A049,Doctor,Cardiology,2024-08-28,2025-09-14,False
U61672,A049,Doctor,ER,2024-02-08,2025-08-12,True
U89051,A049,Doctor,Radiology,2024-12-31,2025-04-15,False
U38029,A050,Doctor,Cardiology,2024-09-04,2025-10-24,True
U68980,A050,Admin,ICU,2024-07-02,2025-09-12,False
U24158,A050,Admin,Radiology,2024-12-28,2025-02-21,True
U21100,A050,Admin,Radiology,2024-01-18,2025-10-14,True
U30212,A050,Admin,Radiology,2024-04-26,2025-12-17,True
U88296,A050,Admin,Radiology,2024-10-24,2025-10-15,True
U91556,A050,Nurse,ICU,2024-01-18,2025-02-26,False
U68822,A050,Admin,ICU,2024-07-20,2025-06-13,False
U97720,A050,Doctor,ICU,2024-06-25,2025-07-08,True
U10843,A050,Nurse,ER,2024-03-14,2025-10-17,True
U89834,A050,Admin,Radiology,2024-03-06,2025-03-19,True
U63572,A050,Nurse,ICU,2024-07-10,2025-10-07,False
U44200,A050,Doctor,Oncology,2024-03-15,2025-03-16,True
